g PC0017
v 0.1745985 0.9817318 0.1899296
v 0.1782109 0.9762556 0.1918866
v 0.1727657 0.9721489 0.1901283
v 0.3467946 0.4624663 0.02192041
v 0.3434529 0.4585828 0.01337468
v 0.3359859 0.471324 0.02318682
v 0.3349488 0.4712523 -0.06874317
v 0.3433703 0.4580666 -0.05987291
v 0.3467515 0.4621956 -0.06832937
v 0.03266224 0.682081 -0.1028335
v 0.04166956 0.6947142 -0.1028481
v 0.03317734 0.6961979 -0.1119057
v 0.03317734 0.6961979 -0.1119057
v 0.04166956 0.6947142 -0.1028481
v 0.03254943 0.7073474 -0.102709
v 0.03266224 0.6340526 -0.0992274
v 0.04166956 0.6466458 -0.09930029
v 0.03317734 0.6474142 -0.1094107
v 0.03317734 0.6474142 -0.1094107
v 0.04166956 0.6466458 -0.09930029
v 0.03254943 0.6592509 -0.1011172
v -0.1745985 0.9817318 0.1899296
v -0.1727657 0.9721489 0.1901283
v -0.1782109 0.9762556 0.1918866
v -0.3467946 0.4624663 0.02192041
v -0.3359859 0.471324 0.02318682
v -0.3434529 0.4585828 0.01337468
v -0.3349488 0.4712523 -0.06874317
v -0.3467515 0.4621956 -0.06832937
v -0.3433703 0.4580666 -0.05987291
v -0.03266224 0.682081 -0.1028335
v -0.03317734 0.6961979 -0.1119057
v -0.04166956 0.6947142 -0.1028481
v -0.03317734 0.6961979 -0.1119057
v -0.03254943 0.7073474 -0.102709
v -0.04166956 0.6947142 -0.1028481
v -0.03266224 0.6340526 -0.0992274
v -0.03317734 0.6474142 -0.1094107
v -0.04166956 0.6466458 -0.09930029
v -0.03317734 0.6474142 -0.1094107
v -0.03254943 0.6592509 -0.1011172
v -0.04166956 0.6466458 -0.09930029
v 0.003907892 0.9858575 0.254917
v 0.02030064 0.9654215 0.2512924
v 0 0.9796765 0.2549575
v 0.003063128 1.001941 0.2553627
v 0 1.001149 0.25553
v -0.003063128 1.001941 0.2553627
v -0.003907892 0.9858575 0.254917
v -0.02030064 0.9654215 0.2512924
v 0.1418272 1.063414 0.2038161
v 0.1249016 1.068622 0.2138045
v 0.1441252 1.101216 0.2011443
v 0.1135571 1.104089 0.2113863
v 0.1072387 1.068021 0.2144921
v 0.1970918 0.9621902 0.172059
v 0.1727657 0.9721489 0.1901283
v 0.1782109 0.9762556 0.1918866
v 0.1983223 0.9651661 0.1741839
v 0.1974819 0.968765 0.17271
v 0.1745985 0.9817318 0.1899296
v 0.2312548 0.9739955 0.1532913
v 0.23308 0.97188 0.1534672
v 0.2319505 0.9698694 0.1509617
v 0.2518133 0.9867173 0.138407
v 0.1974819 0.968765 0.17271
v 0.1745985 0.9817318 0.1899296
v 0.1727657 0.9721489 0.1901283
v 0.1970918 0.9621902 0.172059
v 0.2312548 0.9739955 0.1532913
v 0.2319505 0.9698694 0.1509617
v 0.2518133 0.9867173 0.138407
v 0.01750957 1.010915 0.2532974
v 0.003907892 0.9858575 0.254917
v 0.003063128 1.001941 0.2553627
v 0.02030064 0.9654215 0.2512924
v 0.07167432 1.016136 0.2387819
v 0.01967856 1.022702 0.2517551
v 0.04236916 1.075533 0.2360694
v 0 1.02474 0.2537434
v 0 1.079947 0.2401336
v 0 1.129058 0.2377269
v -0.04236916 1.075533 0.2360694
v -0.01967856 1.022702 0.2517551
v -0.07167432 1.016136 0.2387819
v -0.01750957 1.010915 0.2532974
v 0.07156904 1.067635 0.2276408
v 0.06893773 1.126168 0.2293605
v -0.06893773 1.126168 0.2293605
v -0.07156904 1.067635 0.2276408
v -0.02030064 0.9654215 0.2512924
v -0.003907892 0.9858575 0.254917
v -0.003063128 1.001941 0.2553627
v 0.1092959 1.033715 0.2155194
v 0.1072387 1.068021 0.2144921
v 0.1135571 1.104089 0.2113863
v 0.1272577 1.009946 0.217475
v 0.133517 1.031077 0.2046128
v 0.1788394 1.015043 0.190526
v 0.1418272 1.063414 0.2038161
v 0.1441252 1.101216 0.2011443
v 0.1338119 1.128756 0.2057616
v 0.07216894 0.9615647 0.2366648
v 0.1368423 0.9545867 0.211767
v 0.08103023 1.18917 0.2062626
v 0.1957885 1.109656 0.1734814
v 0.06461149 0.895408 0.2235291
v 0.1607613 1.172942 0.1762914
v 0.09470267 1.242306 0.1590595
v 0 1.194084 0.2146358
v -0.08103023 1.18917 0.2062626
v -0.09470267 1.242306 0.1590595
v 0 1.251956 0.1643963
v 0 1.296106 0.08099482
v -0.1338119 1.128756 0.2057616
v -0.1607613 1.172942 0.1762914
v -0.1135571 1.104089 0.2113863
v -0.1072387 1.068021 0.2144921
v -0.1092959 1.033715 0.2155194
v -0.1441252 1.101216 0.2011443
v -0.1957885 1.109656 0.1734814
v -0.1788394 1.015043 0.190526
v -0.1418272 1.063414 0.2038161
v -0.133517 1.031077 0.2046128
v -0.1272577 1.009946 0.217475
v -0.07216894 0.9615647 0.2366648
v -0.1368423 0.9545867 0.211767
v -0.06461149 0.895408 0.2235291
v -0.2057856 0.9522191 0.1598406
v -0.2199768 1.031579 0.1579472
v -0.1294738 0.8923251 0.1933148
v -0.1806248 0.8843443 0.1480982
v -0.2596549 0.9582525 0.09257819
v -0.08222196 0.8575618 0.1809037
v 0 0.8971142 0.2342988
v 0 0.8553677 0.1942433
v 0 0.9621357 0.2520992
v 0 0.9796765 0.2549575
v 0.08222196 0.8575618 0.1809037
v 0 0.8281604 0.1406196
v 0.1294738 0.8923251 0.1933148
v 0.2057856 0.9522191 0.1598406
v 0.1806248 0.8843443 0.1480982
v 0.2199768 1.031579 0.1579472
v 0.2596549 0.9582525 0.09257819
v 0.1374799 0.8399969 0.1092648
v 0.07286014 0.8325232 0.1324488
v 0.2147477 0.8745087 0.08909089
v -0.07286014 0.8325232 0.1324488
v 0 0.8154625 0.09577072
v 0.07008097 0.8185611 0.07962821
v -0.1374799 0.8399969 0.1092648
v -0.07008097 0.8185611 0.07962821
v -0.2147477 0.8745087 0.08909089
v 0.1573042 0.8299181 0.03801415
v 0 0.8027061 0.06001683
v 0.03899945 0.8059494 0.04526583
v -0.03899945 0.8059494 0.04526583
v 0.06283733 0.807887 0.02275843
v -0.06283733 0.807887 0.02275843
v -0.1573042 0.8299181 0.03801415
v 0.1630784 0.8272784 -0.03731842
v 0.07373883 0.8124605 -0.0232849
v 0.22597 0.8618217 0.03133295
v -0.1630784 0.8272784 -0.03731842
v -0.07373883 0.8124605 -0.0232849
v -0.22597 0.8618217 0.03133295
v 0.1324812 0.8301322 -0.09868555
v 0.05712663 0.8145236 -0.05525659
v 0.2650966 0.9088877 0.03056338
v 0.2618807 0.8862449 -0.05184856
v 0.2241247 0.8563259 -0.04595311
v 0.1959325 0.8626866 -0.1191156
v 0.2430144 0.9165733 -0.137984
v -0.2650966 0.9088877 0.03056338
v -0.2618807 0.8862449 -0.05184856
v 0.06763539 0.8326645 -0.1298599
v 0.02896537 0.8168491 -0.07866953
v 0 0.8176363 -0.0864604
v 0.1835534 0.9194369 -0.1884949
v 0.211884 0.9804661 -0.19634
v 0.1472368 0.8714962 -0.1684598
v -0.2241247 0.8563259 -0.04595311
v 0.08083165 0.8763227 -0.1946663
v 0 0.8328807 -0.1380861
v -0.1959325 0.8626866 -0.1191156
v -0.2430144 0.9165733 -0.137984
v -0.1324812 0.8301322 -0.09868555
v -0.05712663 0.8145236 -0.05525659
v -0.1835534 0.9194369 -0.1884949
v -0.211884 0.9804661 -0.19634
v -0.1472368 0.8714962 -0.1684598
v -0.06763539 0.8326645 -0.1298599
v -0.02896537 0.8168491 -0.07866953
v -0.08083165 0.8763227 -0.1946663
v -0.1042053 0.9525201 -0.2363653
v 0 0.8766432 -0.2012057
v 0 0.9535691 -0.2449562
v 0 1.034799 -0.2547706
v 0.1042053 0.9525201 -0.2363653
v -0.1136424 1.030342 -0.2443702
v 0.1136424 1.030342 -0.2443702
v -0.2070526 1.037378 -0.2063386
v -0.238305 1.007997 -0.1809114
v 0.2070526 1.037378 -0.2063386
v 0.238305 1.007997 -0.1809114
v 0.1174446 1.130165 -0.2370656
v -0.1174446 1.130165 -0.2370656
v 0 1.127439 -0.2424662
v -9.414691E-16 1.229714 -0.1900079
v -0.2474127 1.050264 -0.1693984
v -0.2727519 0.9797394 -0.1318799
v -0.2643327 0.9556118 -0.1344731
v -0.2927638 0.9522967 -0.05451302
v -0.2854543 0.9312221 -0.05454415
v -0.2848102 0.9540941 0.02235621
v -0.2896985 0.9787466 0.01965049
v -0.2804091 0.9928965 0.06343601
v -0.2792404 1.038308 0.06511264
v -0.2089093 1.122045 -0.1994534
v -0.2680504 1.101556 -0.1307907
v -0.263881 1.035339 0.1029475
v -0.2564049 1.093188 0.101732
v -0.2858267 1.097813 0.01750122
v -0.1059958 1.222522 -0.1826306
v -0.2008351 1.200007 -0.1513072
v -0.2238537 1.16229 0.1140545
v -0.2579817 1.156034 0.03790792
v -0.2700978 1.145709 0.01066012
v -0.2791188 1.146417 -0.05049874
v -0.2410115 1.183958 0.04396187
v -0.2415377 1.198385 -0.06965268
v -0.1639234 1.269624 -0.07892467
v -0.2063646 1.224487 0.05268463
v -0.1708578 1.213758 0.1380317
v -0.1555622 1.259846 0.07490408
v -0.1283404 1.269577 0.08687099
v -0.1045548 1.282972 0.07573909
v -0.1028129 1.292824 -0.0210338
v -0.08990136 1.286441 -0.1080197
v 0 1.305826 -0.02342872
v -7.105427E-16 1.294782 -0.1108428
v 0.1059958 1.222522 -0.1826306
v 0.08990134 1.286441 -0.1080197
v 0.1028129 1.292824 -0.0210338
v 0.1045548 1.282972 0.07573909
v 0.1639234 1.269624 -0.07892467
v 0.1283404 1.269577 0.08687099
v 0.1708578 1.213758 0.1380317
v 0.1555622 1.259846 0.07490408
v 0.2063646 1.224487 0.05268463
v 0.2238537 1.16229 0.1140545
v 0.2410115 1.183958 0.04396187
v 0.2579817 1.156034 0.03790792
v 0.2564049 1.093188 0.101732
v 0.2858267 1.097813 0.01750122
v 0.2700978 1.145709 0.01066012
v 0.2791188 1.146417 -0.05049874
v 0.2415377 1.198385 -0.06965268
v 0.2792404 1.038308 0.06511264
v 0.2680504 1.101556 -0.1307907
v 0.263881 1.035339 0.1029475
v 0.2804091 0.9928965 0.06343601
v 0.2896985 0.9787466 0.01965049
v 0.2848102 0.9540941 0.02235621
v 0.2927638 0.9522967 -0.05451302
v 0.2854543 0.9312221 -0.05454415
v 0.2643327 0.9556118 -0.1344731
v 0.2727519 0.9797394 -0.1318799
v 0.2474127 1.050264 -0.1693984
v 0.2089093 1.122045 -0.1994534
v 0.2008351 1.200007 -0.1513072
v 0.02816001 0.7928683 -0.08149497
v 0.05662724 0.7620171 -0.08371823
v 0.0597829 0.7935445 -0.06704888
v 0.02795533 0.7665502 -0.09282858
v 0.03451864 0.7317374 -0.09874997
v 0 0.7920569 -0.08563458
v 0.00680722 0.7196547 -0.1033517
v 0 0.7670689 -0.09588866
v -0.02795533 0.7665502 -0.09282858
v -0.02816001 0.7928683 -0.08149497
v 0 0.7198677 -0.1034863
v 0.006920023 0.6858162 -0.105058
v -0.05662724 0.7620171 -0.08371823
v -0.0597829 0.7935445 -0.06704888
v -0.03451864 0.7317374 -0.09874997
v -0.00680722 0.7196547 -0.1033517
v -0.006920023 0.6858162 -0.105058
v 0 0.6850457 -0.1050256
v 0 0.6164523 -0.09914973
v 0.007647109 0.615849 -0.0993088
v -0.007647109 0.615849 -0.0993088
v 0 0.5643808 -0.1044698
v 0.02545951 0.5658854 -0.104014
v -0.02545951 0.5658854 -0.104014
v 0 0.5296396 -0.1119026
v 0.0298457 0.5320624 -0.1111779
v 0 0.467232 -0.127706
v -0.0298457 0.5320624 -0.1111779
v 0.05361119 0.4621628 -0.127106
v 0.06091481 0.5020719 -0.1154113
v -0.05361119 0.4621628 -0.127106
v -0.06091481 0.5020719 -0.1154113
v 0.1041338 0.4503661 -0.1181403
v 0.1055654 0.4928289 -0.1058351
v -0.1041338 0.4503661 -0.1181403
v -0.1055654 0.4928289 -0.1058351
v 0.1480184 0.4464297 -0.09919307
v 0.1385184 0.4954423 -0.08797929
v -0.1480184 0.4464297 -0.09919307
v -0.1385184 0.4954423 -0.08797929
v 0.1818541 0.4259208 -0.06492138
v 0.1693896 0.4694594 -0.0559074
v -0.1818541 0.4259208 -0.06492138
v -0.1693896 0.4694594 -0.0559074
v 0.1973075 0.4115575 -0.01178897
v 0.1818739 0.4575547 -0.01028949
v -0.1973075 0.4115575 -0.01178897
v -0.1818739 0.4575547 -0.01028949
v 0.1834498 0.418354 0.04147865
v 0.1662423 0.4677872 0.04466996
v -0.1834498 0.418354 0.04147865
v -0.1662423 0.4677872 0.04466996
v 0.1608607 0.4646149 0.06435431
v 0.1536049 0.4883279 0.06653064
v 0.1553682 0.4613772 0.07942007
v 0.1814367 0.3881949 0.06634223
v 0.1971181 0.3723628 0.03593454
v 0.1761514 0.3692929 0.08325554
v 0.2085296 0.3655604 -0.01328844
v 0.1384037 0.4446765 0.103351
v 0.1565343 0.356551 0.1059647
v 0.1921558 0.3754757 -0.07262025
v 0.1529791 0.4004746 -0.1114738
v 0.1013928 0.4034199 -0.131718
v 0.1096483 0.4432341 0.1242585
v 0.04438132 0.4113842 -0.1407279
v 0.02676633 0.4285479 -0.1400788
v 0.1222483 0.3526374 0.1298529
v 0 0.4365197 -0.1374525
v -0.02676633 0.4285479 -0.1400788
v -0.04438132 0.4113842 -0.1407279
v -0.1013928 0.4034199 -0.131718
v -0.1529791 0.4004746 -0.1114738
v -0.1921558 0.3754757 -0.07262025
v -0.2085296 0.3655604 -0.01328844
v -0.1971181 0.3723628 0.03593454
v -0.1814367 0.3881949 0.06634223
v -0.1608607 0.4646149 0.06435431
v -0.1536049 0.4883279 0.06653064
v -0.1553682 0.4613772 0.07942007
v -0.1761514 0.3692929 0.08325554
v -0.1384037 0.4446765 0.103351
v -0.1565343 0.3533452 0.1059647
v -0.1096483 0.4432341 0.1242585
v -0.1222483 0.3542886 0.1298529
v -0.09128723 0.3643705 0.1453267
v -0.0858155 0.4366826 0.1376946
v -0.08355586 0.4608669 0.1344164
v -0.05550762 0.4327144 0.1483377
v -0.05588997 0.3398133 0.1589185
v 0 0.4160206 0.161834
v 0 0.3327112 0.1709978
v 0.05588997 0.3398133 0.1589185
v 0.05550762 0.4327144 0.1483377
v 0.09128723 0.358379 0.1453267
v 0.0858155 0.4366826 0.1376946
v 0.08355586 0.4608669 0.1344164
v 0.1072387 1.068021 0.2144921
v 0.1249016 1.068622 0.2138045
v 0.1092959 1.033715 0.2155194
v 0.133517 1.031077 0.2046128
v 0.1418272 1.063414 0.2038161
v 0.211884 0.9804661 -0.19634
v 0.2643327 0.9556118 -0.1344731
v 0.238305 1.007997 -0.1809114
v 0.2430144 0.9165733 -0.137984
v 0.2854543 0.9312221 -0.05454415
v 0.2618807 0.8862449 -0.05184856
v 0.2650966 0.9088877 0.03056338
v 0.2848102 0.9540941 0.02235621
v 0.2596549 0.9582525 0.09257819
v 0.2804091 0.9928965 0.06343601
v 0.1332792 1.101406 0.2039812
v 0.1365813 1.120356 0.2313492
v 0.1292809 1.107284 0.206114
v 0.140763 1.116003 0.2307399
v 0.1411233 1.140687 0.2457824
v 0.1292809 1.107284 0.206114
v 0.1323256 1.116574 0.2335797
v 0.124379 1.102574 0.2078014
v 0.1365813 1.120356 0.2313492
v 0.1411233 1.140687 0.2457824
v 0.124379 1.102574 0.2078014
v 0.140763 1.116003 0.2307399
v 0.1332792 1.101406 0.2039812
v 0.1323256 1.116574 0.2335797
v 0.1411233 1.140687 0.2457824
v 0.2070731 0.6727437 -0.0860592
v 0.1783212 0.702786 -0.07325245
v 0.1663893 0.6911079 -0.08459147
v 0.1554221 0.7178831 -0.07871383
v 0.1693413 0.731075 -0.02384969
v 0.1158408 0.6766396 -0.08037242
v 0.1316345 0.7393053 -0.07343125
v 0.1050578 0.715574 -0.07833844
v 0.08234014 0.7070889 -0.07355
v 0.1041477 0.6595045 -0.02112409
v 0.1207896 0.6396175 -0.03424186
v 0.07909072 0.7484652 -0.07480814
v 0.09838365 0.6692887 -0.0211748
v 0.08751287 0.698634 0.02518541
v 0.121522 0.6395859 -0.009577393
v 0.1492926 0.6081283 -0.02149689
v 0.1180434 0.6760258 0.0339641
v 0.09694694 0.7708147 -0.06774003
v 0.08125337 0.7854198 -0.06317288
v 0.1014241 0.7111641 0.03076187
v 0.07664777 0.7473831 0.02859508
v 0.1436285 0.7517805 -0.02363476
v 0.1066567 0.7823389 -0.02358734
v 0.08140179 0.7946588 -0.0236947
v 0.07847156 0.7838103 0.01756204
v 0.09673613 0.7706202 0.02386123
v 0.129553 0.7397205 0.02864484
v 0.154581 0.7163242 0.03247817
v 0.1664575 0.6896245 0.03769137
v 0.1778076 0.7014943 0.02609369
v 0.2065385 0.6710017 0.04092435
v 0.3605177 0.4486551 -0.05275258
v 0.3500514 0.4511616 -0.05104361
v 0.354352 0.4436549 -0.02377414
v 0.3654868 0.4406028 -0.02377335
v 0.3654868 0.4406028 -0.02377335
v 0.354352 0.4436549 -0.02377414
v 0.3508107 0.4505546 0.002331827
v 0.3605177 0.4486551 0.005205892
v 0.3605177 0.4486551 0.005205892
v 0.3508107 0.4505546 0.002331827
v 0.3434529 0.4585828 0.01337468
v 0.3467946 0.4624663 0.02192041
v 0.3443617 0.4581062 0.0006759295
v 0.3359859 0.471324 0.02318682
v 0.3434529 0.4585828 0.01337468
v 0.3508107 0.4505546 0.002331827
v 0.3443617 0.4581062 0.0006759295
v 0.3508107 0.4505546 0.002331827
v 0.354352 0.4436549 -0.02377414
v 0.3465657 0.4509296 -0.02355172
v 0.3465657 0.4509296 -0.02355172
v 0.354352 0.4436549 -0.02377414
v 0.3500514 0.4511616 -0.05104361
v 0.3434634 0.4598129 -0.05042346
v 0.3434634 0.4598129 -0.05042346
v 0.3500514 0.4511616 -0.05104361
v 0.3433703 0.4580666 -0.05987291
v 0.3349488 0.4712523 -0.06874317
v 0.3467515 0.4621956 -0.06832937
v 0.3433703 0.4580666 -0.05987291
v 0.3500514 0.4511616 -0.05104361
v 0.3605177 0.4486551 -0.05275258
v 0 0.6303396 -0.1184214
v 0.03762561 0.5939123 -0.1219119
v 0.03683439 0.6278505 -0.1136034
v 0 0.5942596 -0.1259277
v 0.03841684 0.5588815 -0.1185983
v 0 0.5597494 -0.1207056
v -0.03841684 0.5588815 -0.1185983
v -0.03762561 0.5939123 -0.1219119
v -0.03683439 0.6278505 -0.1136034
v 0.03841684 0.5588815 -0.1185983
v 0 0.5597494 -0.1207056
v 0 0.5535725 -0.1043349
v 0.03841684 0.5595287 -0.1029736
v 0.03683439 0.6278505 -0.1136034
v 0.03683438 0.6314023 -0.09548513
v 0 0.6382552 -0.09667931
v 0 0.6303396 -0.1184214
v 0.03683439 0.6278505 -0.1136034
v 0.03762561 0.5939123 -0.1219119
v 0.09616719 0.5939162 -0.1297247
v 0.08939782 0.6444126 -0.1136034
v 0.03841684 0.5588815 -0.1185983
v 0.09537472 0.54342 -0.1185984
v 0.09616719 0.5939162 -0.1297247
v 0.03762561 0.5939123 -0.1219119
v 0.03683438 0.6314023 -0.09548513
v 0.03683439 0.6278505 -0.1136034
v 0.08939782 0.6444126 -0.1136034
v 0.08752575 0.6359347 -0.08312877
v 0.03841684 0.5595287 -0.1029736
v 0.09474259 0.5515613 -0.09502074
v 0.09537472 0.54342 -0.1185984
v 0.03841684 0.5588815 -0.1185983
v 0.09616719 0.5939162 -0.1297247
v 0.08334153 0.589527 -0.09172063
v 0.08752575 0.6359347 -0.08312877
v 0.08939782 0.6444126 -0.1136034
v 0.09474259 0.5515613 -0.09502074
v 0.08334153 0.589527 -0.09172063
v 0.09616719 0.5939162 -0.1297247
v 0.09537472 0.54342 -0.1185984
v 0 0.681626 -0.1059121
v 0.03266224 0.682081 -0.1028335
v 0.03317734 0.6961979 -0.1119057
v 0 0.6953011 -0.1132483
v -0.03317734 0.6961979 -0.1119057
v -0.03266224 0.682081 -0.1028335
v 0 0.7081761 -0.1050868
v 0.03254943 0.7073474 -0.102709
v -0.03254943 0.7073474 -0.102709
v 0 0.6346539 -0.1022924
v 0.03266224 0.6340526 -0.0992274
v 0.03317734 0.6474142 -0.1094107
v 0 0.6474277 -0.1106789
v -0.03317734 0.6474142 -0.1094107
v -0.03266224 0.6340526 -0.0992274
v 0 0.6598906 -0.1035528
v 0.03254943 0.6592509 -0.1011172
v -0.03254943 0.6592509 -0.1011172
v 0.1013928 0.4034199 -0.131718
v 0.145457 0.4010551 -0.1024145
v 0.1529791 0.4004746 -0.1114738
v 0.1757448 0.3854648 -0.07338489
v 0.1921558 0.3754757 -0.07262025
v 0.1910975 0.3754169 -0.003725255
v 0.2085296 0.3655604 -0.01328844
v 0.1971181 0.3723628 0.03593454
v 0.166907 0.3914957 0.06996523
v 0.1814367 0.3881949 0.06634223
v 0.1174917 0.3682438 0.110759
v 0.1761514 0.3692929 0.08325554
v 0.1565343 0.356551 0.1059647
v 0.1222483 0.3526374 0.1298529
v 0.07160366 0.3674358 0.1286118
v 0.09128723 0.358379 0.1453267
v 0.05588997 0.3398133 0.1589185
v 0 0.3652155 0.1356862
v 0 0.3327112 0.1709978
v -0.05588997 0.3398133 0.1589185
v -0.07160366 0.3674358 0.1286118
v -0.09128723 0.3643705 0.1453267
v -0.1222483 0.3542886 0.1298529
v -0.1174917 0.3682438 0.110759
v -0.1565343 0.3533452 0.1059647
v -0.1761514 0.3692929 0.08325554
v -0.1814367 0.3881949 0.06634223
v -0.166907 0.3914957 0.06996523
v -0.1971181 0.3723628 0.03593454
v -0.1910975 0.3754169 -0.003725255
v -0.2085296 0.3655604 -0.01328844
v -0.1921558 0.3754757 -0.07262025
v -0.1757448 0.3854648 -0.07338489
v -0.1529791 0.4004746 -0.1114738
v -0.145457 0.4010551 -0.1024145
v -0.1013928 0.4034199 -0.131718
v 0.2645797 0.6133552 0.03410162
v 0.2517544 0.6243132 0.03380091
v 0.2432464 0.6371408 0.02201614
v 0.2542429 0.6497974 -0.02368965
v 0.2784919 0.6284521 -0.0236965
v 0.2442718 0.6380239 -0.06794188
v 0.2509882 0.6251492 -0.08109575
v 0.264621 0.6134318 -0.08242701
v 0.2509882 0.6251492 -0.08109575
v 0.2298339 0.5762026 -0.08170743
v 0.264621 0.6134318 -0.08242701
v 0.2064607 0.5959789 -0.08049799
v 0.1656909 0.601802 -0.02368274
v 0.2155229 0.5595628 -0.02370031
v 0.229835 0.5762032 0.03370672
v 0.2404746 0.63395 -0.08077026
v 0.2442718 0.6380239 -0.06794188
v 0.1820746 0.6142291 -0.08221569
v 0.2208577 0.6555784 -0.0822157
v 0.1624797 0.6325474 -0.08030012
v 0.1491734 0.6178648 -0.02334766
v 0.2009047 0.6727429 -0.08030065
v 0.1648311 0.6332014 0.03248787
v 0.2311675 0.669599 -0.0236828
v 0.2146828 0.6862339 -0.02367995
v 0.2542429 0.6497974 -0.02368965
v 0.2014752 0.6712204 0.03363492
v 0.1905923 0.6111995 0.03117792
v 0.2234462 0.6480157 0.03189551
v 0.2432464 0.6371408 0.02201614
v 0.2404747 0.6339507 0.03353644
v 0.2517544 0.6243132 0.03380091
v 0.2645797 0.6133552 0.03410162
v -0.1418272 1.063414 0.2038161
v -0.1441252 1.101216 0.2011443
v -0.1249016 1.068622 0.2138045
v -0.1135571 1.104089 0.2113863
v -0.1072387 1.068021 0.2144921
v -0.1782109 0.9762556 0.1918866
v -0.1727657 0.9721489 0.1901283
v -0.1970918 0.9621902 0.172059
v -0.1983223 0.9651661 0.1741839
v -0.1974819 0.968765 0.17271
v -0.1745985 0.9817318 0.1899296
v -0.2312548 0.9739955 0.1532913
v -0.23308 0.97188 0.1534672
v -0.2319505 0.9698694 0.1509617
v -0.2518133 0.9867173 0.138407
v -0.1727657 0.9721489 0.1901283
v -0.1745985 0.9817318 0.1899296
v -0.1974819 0.968765 0.17271
v -0.1970918 0.9621902 0.172059
v -0.2312548 0.9739955 0.1532913
v -0.2319505 0.9698694 0.1509617
v -0.2518133 0.9867173 0.138407
v -0.1072387 1.068021 0.2144921
v -0.1092959 1.033715 0.2155194
v -0.1249016 1.068622 0.2138045
v -0.133517 1.031077 0.2046128
v -0.1418272 1.063414 0.2038161
v -0.211884 0.9804661 -0.19634
v -0.238305 1.007997 -0.1809114
v -0.2643327 0.9556118 -0.1344731
v -0.2430144 0.9165733 -0.137984
v -0.2854543 0.9312221 -0.05454415
v -0.2618807 0.8862449 -0.05184856
v -0.2650966 0.9088877 0.03056338
v -0.2848102 0.9540941 0.02235621
v -0.2596549 0.9582525 0.09257819
v -0.2804091 0.9928965 0.06343601
v -0.1332792 1.101406 0.2039812
v -0.1292809 1.107284 0.206114
v -0.1365813 1.120356 0.2313492
v -0.140763 1.116003 0.2307399
v -0.1411233 1.140687 0.2457824
v -0.1292809 1.107284 0.206114
v -0.124379 1.102574 0.2078014
v -0.1323256 1.116574 0.2335797
v -0.1365813 1.120356 0.2313492
v -0.1411233 1.140687 0.2457824
v -0.124379 1.102574 0.2078014
v -0.1332792 1.101406 0.2039812
v -0.140763 1.116003 0.2307399
v -0.1323256 1.116574 0.2335797
v -0.1411233 1.140687 0.2457824
v -0.2070731 0.6727437 -0.0860592
v -0.1663893 0.6911079 -0.08459147
v -0.1783212 0.702786 -0.07325245
v -0.1554221 0.7178831 -0.07871383
v -0.1693413 0.731075 -0.02384969
v -0.1158408 0.6766396 -0.08037242
v -0.1316345 0.7393053 -0.07343125
v -0.1050578 0.715574 -0.07833844
v -0.08234014 0.7070889 -0.07355
v -0.1041477 0.6595045 -0.02112409
v -0.1207896 0.6396175 -0.03424186
v -0.07909072 0.7484652 -0.07480814
v -0.09838365 0.6692887 -0.0211748
v -0.08751287 0.698634 0.02518541
v -0.121522 0.6395859 -0.009577393
v -0.1492926 0.6081283 -0.02149689
v -0.1180434 0.6760258 0.0339641
v -0.09694694 0.7708147 -0.06774003
v -0.08125337 0.7854198 -0.06317288
v -0.1014241 0.7111641 0.03076187
v -0.07664777 0.7473831 0.02859508
v -0.1436285 0.7517805 -0.02363476
v -0.1066567 0.7823389 -0.02358734
v -0.08140179 0.7946588 -0.0236947
v -0.07847156 0.7838103 0.01756204
v -0.09673613 0.7706202 0.02386123
v -0.129553 0.7397205 0.02864484
v -0.154581 0.7163242 0.03247817
v -0.1664575 0.6896245 0.03769137
v -0.1778076 0.7014943 0.02609369
v -0.2065385 0.6710017 0.04092435
v -0.3605177 0.4486551 -0.05275258
v -0.3654868 0.4406028 -0.02377335
v -0.354352 0.4436549 -0.02377414
v -0.3500514 0.4511616 -0.05104361
v -0.3654868 0.4406028 -0.02377335
v -0.3605177 0.4486551 0.005205892
v -0.3508107 0.4505546 0.002331827
v -0.354352 0.4436549 -0.02377414
v -0.3605177 0.4486551 0.005205892
v -0.3467946 0.4624663 0.02192041
v -0.3434529 0.4585828 0.01337468
v -0.3508107 0.4505546 0.002331827
v -0.3434529 0.4585828 0.01337468
v -0.3359859 0.471324 0.02318682
v -0.3443617 0.4581062 0.0006759295
v -0.3508107 0.4505546 0.002331827
v -0.3443617 0.4581062 0.0006759295
v -0.3465657 0.4509296 -0.02355172
v -0.354352 0.4436549 -0.02377414
v -0.3508107 0.4505546 0.002331827
v -0.3465657 0.4509296 -0.02355172
v -0.3434634 0.4598129 -0.05042346
v -0.3500514 0.4511616 -0.05104361
v -0.354352 0.4436549 -0.02377414
v -0.3434634 0.4598129 -0.05042346
v -0.3349488 0.4712523 -0.06874317
v -0.3433703 0.4580666 -0.05987291
v -0.3500514 0.4511616 -0.05104361
v -0.3467515 0.4621956 -0.06832937
v -0.3605177 0.4486551 -0.05275258
v -0.3500514 0.4511616 -0.05104361
v -0.3433703 0.4580666 -0.05987291
v 0 0.5535725 -0.1043349
v 0 0.5597494 -0.1207056
v -0.03841684 0.5588815 -0.1185983
v -0.03841684 0.5595287 -0.1029736
v -0.03683439 0.6278505 -0.1136034
v 0 0.6303396 -0.1184214
v 0 0.6382552 -0.09667931
v -0.03683438 0.6314023 -0.09548513
v -0.09616719 0.5939162 -0.1297247
v -0.03762561 0.5939123 -0.1219119
v -0.03683439 0.6278505 -0.1136034
v -0.08939782 0.6444126 -0.1136034
v -0.03841684 0.5588815 -0.1185983
v -0.03762561 0.5939123 -0.1219119
v -0.09616719 0.5939162 -0.1297247
v -0.09537472 0.54342 -0.1185984
v -0.08939782 0.6444126 -0.1136034
v -0.03683439 0.6278505 -0.1136034
v -0.03683438 0.6314023 -0.09548513
v -0.08752575 0.6359347 -0.08312877
v -0.03841684 0.5595287 -0.1029736
v -0.03841684 0.5588815 -0.1185983
v -0.09537472 0.54342 -0.1185984
v -0.09474259 0.5515613 -0.09502074
v -0.09616719 0.5939162 -0.1297247
v -0.08939782 0.6444126 -0.1136034
v -0.08752575 0.6359347 -0.08312877
v -0.08334153 0.589527 -0.09172063
v -0.09474259 0.5515613 -0.09502074
v -0.09537472 0.54342 -0.1185984
v -0.09616719 0.5939162 -0.1297247
v -0.08334153 0.589527 -0.09172063
v -0.2432464 0.6371408 0.02201614
v -0.2517544 0.6243132 0.03380091
v -0.2645797 0.6133552 0.03410162
v -0.2542429 0.6497974 -0.02368965
v -0.2784919 0.6284521 -0.0236965
v -0.2442718 0.6380239 -0.06794188
v -0.2509882 0.6251492 -0.08109575
v -0.264621 0.6134318 -0.08242701
v -0.2509882 0.6251492 -0.08109575
v -0.264621 0.6134318 -0.08242701
v -0.2298339 0.5762026 -0.08170743
v -0.2064607 0.5959789 -0.08049799
v -0.1656909 0.601802 -0.02368274
v -0.2155229 0.5595628 -0.02370031
v -0.229835 0.5762032 0.03370672
v -0.2404746 0.63395 -0.08077026
v -0.2442718 0.6380239 -0.06794188
v -0.1820746 0.6142291 -0.08221569
v -0.2208577 0.6555784 -0.0822157
v -0.1624797 0.6325474 -0.08030012
v -0.1491734 0.6178648 -0.02334766
v -0.2009047 0.6727429 -0.08030065
v -0.1648311 0.6332014 0.03248787
v -0.2311675 0.669599 -0.0236828
v -0.2146828 0.6862339 -0.02367995
v -0.2542429 0.6497974 -0.02368965
v -0.2014752 0.6712204 0.03363492
v -0.1905923 0.6111995 0.03117792
v -0.2234462 0.6480157 0.03189551
v -0.2432464 0.6371408 0.02201614
v -0.2404747 0.6339507 0.03353644
v -0.2517544 0.6243132 0.03380091
v -0.2645797 0.6133552 0.03410162
v 0.02537925 0.775837 0.06422573
v 0.03750109 0.7675936 0.06826084
v 0.03758078 0.7663026 0.08964788
v 0.02498784 0.775323 0.09289338
v 0.004226212 0.7750473 0.06503168
v 0.03698013 0.7499049 0.1100042
v 0.002422604 0.7732525 0.09347545
v 0.02235141 0.7552624 0.1192921
v -3.188692E-05 0.7533695 0.1175699
v 0.03228961 0.7245917 0.1084744
v -0.005614034 0.7228177 0.1160466
v 0.01782361 0.7208974 0.1157742
v -0.01066003 0.7018704 0.09851003
v 0.02739943 0.7092228 0.09495576
v 0.01224822 0.7014861 0.09824347
v -0.01190704 0.699357 0.08117388
v 0.01503974 0.7005849 0.08072648
v 0.02521736 0.7072473 0.078031
v 0.03434403 0.7575491 0.05497009
v 0.01503974 0.7005849 0.08072648
v 0.02521736 0.7072473 0.078031
v 0.02287056 0.765864 0.0507715
v 0.03750109 0.7675936 0.06826084
v -0.01190704 0.699357 0.08117388
v 0.02537925 0.775837 0.06422573
v 0.00393053 0.7652047 0.05097568
v 0.004226212 0.7750473 0.06503168
v -0.007445649 0.7712339 0.04660752
v -0.008020529 0.7840433 0.06083212
v -0.03247618 0.7851658 0.06017376
v -0.03115114 0.773012 0.04572687
v -0.04439288 0.7776511 0.06357035
v -0.04314582 0.7680632 0.0499981
v -0.04762868 0.7772143 0.09026269
v -0.03558785 0.7848588 0.09568046
v -0.05321088 0.7595231 0.1129296
v -0.009549331 0.7833331 0.09748808
v 0.004226212 0.7750473 0.06503168
v 0.002422604 0.7732525 0.09347545
v -0.04143102 0.7626959 0.1248979
v -0.05747549 0.7306451 0.111936
v -0.01362187 0.7604671 0.1282446
v -3.188692E-05 0.7533695 0.1175699
v -0.005614034 0.7228177 0.1160466
v -0.04550357 0.7268289 0.1224789
v -0.019465 0.7227881 0.1246306
v -0.02257674 0.695582 0.1013706
v -0.01066003 0.7018704 0.09851003
v -0.04703234 0.6997893 0.09940464
v -0.05613504 0.7093795 0.09497843
v -0.05373497 0.70488 0.07699134
v -0.04446618 0.6983026 0.08002947
v -0.02017133 0.6937185 0.08218544
v -0.01190704 0.699357 0.08117388
v 0.00393053 0.7652047 0.05097568
v -0.007445649 0.7712339 0.04660752
v -0.04446618 0.6983026 0.08002947
v -0.02017133 0.6937185 0.08218544
v -0.03115114 0.773012 0.04572687
v -0.05373497 0.70488 0.07699134
v -0.04314582 0.7680632 0.0499981
v -0.05747549 0.7306451 0.111936
v -0.05926464 0.7552895 0.1053428
v -0.05321088 0.7595231 0.1129296
v -0.06326932 0.7670798 0.0904501
v -0.05653014 0.7749671 0.09206351
v -0.04762868 0.7772143 0.09026269
v -0.04439288 0.7776511 0.06357035
v -0.05821712 0.7741449 0.06408136
v -0.04314582 0.7680632 0.0499981
v -0.06399936 0.7671857 0.0672338
v -0.05764738 0.7662803 0.05525337
v -0.06192718 0.7598284 0.05821716
v -0.05764738 0.7662803 0.05525337
v -0.05373497 0.70488 0.07699134
v -0.04314582 0.7680632 0.0499981
v -0.06192718 0.7598284 0.05821716
v 0.1028129 1.292824 -0.0210338
v 0.1286664 1.319492 0.07105401
v 0.1045548 1.282972 0.07573909
v 0.1283404 1.269577 0.08687099
v 0.149449 1.303555 0.0805636
v 0.1555622 1.259846 0.07490408
v 0.1676874 1.288337 0.06593411
v 0.1978712 1.345769 0.06708556
v 0.2151451 1.326805 0.04594626
v 0.1824916 1.365721 0.05960674
v 0.1323294 1.329721 -0.01168418
v 0.2478451 1.367523 0.04813951
v 0.2641104 1.341841 0.02543961
v 0.1915854 1.301719 -0.07012522
v 0.1639234 1.269624 -0.07892467
v 0.2019658 1.379288 -0.002723114
v 0.2377723 1.390252 0.04009826
v 0.2791041 1.371478 0.032231
v 0.2884852 1.393452 0.01696892
v 0.2869768 1.344428 0.02495768
v 0.2747171 1.270549 0.01973586
v 0.3051671 1.347152 0.003069672
v 0.2926088 1.268185 0.01915096
v 0.26005 1.213819 0.02775768
v 0.244483 1.358252 -0.03510322
v 0.2881275 1.322008 -0.03871102
v 0.2776942 1.202709 0.02486574
v 0.2410115 1.183958 0.04396187
v 0.2579817 1.156034 0.03790792
v 0.3125718 1.265821 -0.006713091
v 0.2615132 1.236452 -0.06628836
v 0.2415377 1.198385 -0.06965268
v 0.296864 1.191599 -0.00267082
v 0.2700978 1.145709 0.01066012
v 0.1555622 1.259846 0.07490408
v 0.1676874 1.288337 0.06593411
v 0.2154113 1.249814 0.04080601
v 0.2063646 1.224487 0.05268463
v 0.2410115 1.183958 0.04396187
v 0.26005 1.213819 0.02775768
v 0.2151451 1.326805 0.04594626
v 0.2747171 1.270549 0.01973586
v 0.2435027 1.298221 0.02982637
v 0.2641104 1.341841 0.02543961
v 0 1.01757 0.2574377
v 0.01750957 1.010915 0.2532974
v 0.003063128 1.001941 0.2553627
v 0.01967856 1.022702 0.2517551
v 0 1.001149 0.25553
v 0 1.02474 0.2537434
v -0.003063128 1.001941 0.2553627
v -0.01967856 1.022702 0.2517551
v -0.01750957 1.010915 0.2532974
v 0.08751287 0.698634 0.02518541
v 0.09838365 0.6692887 -0.0211748
v 0.1042421 0.6516057 -0.02012082
v 0.08234014 0.7070889 -0.07355
v 0.09343515 0.6666948 0.04652206
v 0.08412044 0.7044145 0.04520793
v 0.07664777 0.7473831 0.02859508
v 0.07124697 0.7569855 0.03542434
v 0.07847156 0.7838103 0.01756204
v 0.05650072 0.7665101 0.04403422
v 0.07070833 0.7884347 0.02046311
v 0.08140179 0.7946588 -0.0236947
v 0.05328258 0.7123485 0.06538744
v 0.06228587 0.6536208 0.08416644
v 0.03660221 0.6814076 0.08319923
v 0.03321629 0.6542751 0.09267643
v 0.005465585 0.6693047 0.09382056
v 0 0.656914 0.09896415
v 0.1210014 0.6143281 -0.01647444
v 0.1119179 0.6133363 0.05330324
v 0.0686207 0.6106324 0.0967006
v 0 0.6103482 0.1142651
v 0 0.5439306 0.135556
v -0.03321629 0.6542751 0.09267643
v -0.005465585 0.6693047 0.09382056
v -0.03660221 0.6814076 0.08319923
v -0.0686207 0.6106324 0.0967006
v -0.06228587 0.6536208 0.08416644
v -0.05328258 0.7123485 0.06538744
v 0.09325709 0.6684666 -0.071399
v 0.07061864 0.6997163 -0.09105466
v 0.07909072 0.7484652 -0.07480814
v 0.1067693 0.6154213 -0.0715723
v 0.05662724 0.7620171 -0.08371823
v 0.08125337 0.7854198 -0.06317288
v 0.0597829 0.7935445 -0.06704888
v 0.03451864 0.7317374 -0.09874997
v 0.04406908 0.6925975 -0.1019648
v 0.00680722 0.7196547 -0.1033517
v 0.006920023 0.6858162 -0.105058
v 0.06151219 0.6139219 -0.09561724
v 0.007647109 0.615849 -0.0993088
v 0.02545951 0.5658854 -0.104014
v 0.07617678 0.5575612 -0.09937188
v 0.0298457 0.5320624 -0.1111779
v 0.06091481 0.5020719 -0.1154113
v 0.1055654 0.4928289 -0.1058351
v 0.125137 0.5527521 -0.07482651
v 0.1385184 0.4954423 -0.08797929
v 0.1486373 0.545696 -0.01123987
v 0.1560287 0.5040246 -0.05398139
v 0.1693896 0.4694594 -0.0559074
v 0.1663882 0.5004395 -0.009449257
v 0.1818739 0.4575547 -0.01028949
v 0.1662423 0.4677872 0.04466996
v 0.1536049 0.4883279 0.06653064
v 0.1357106 0.5440752 0.06089128
v 0.1214787 0.4825388 0.102814
v 0.1553682 0.4613772 0.07942007
v 0.1384037 0.4446765 0.103351
v 0.1096483 0.4432341 0.1242585
v 0.08355586 0.4608669 0.1344164
v 0.07670226 0.5437396 0.1148122
v 0 0.4681219 0.1528914
v 0.05550762 0.4327144 0.1483377
v 0 0.4160206 0.161834
v -0.05550762 0.4327144 0.1483377
v -0.08355586 0.4608669 0.1344164
v -0.07670226 0.5437396 0.1148122
v -0.1214787 0.4825388 0.102814
v -0.1096483 0.4432341 0.1242585
v -0.1384037 0.4446765 0.103351
v -0.1553682 0.4613772 0.07942007
v -0.1536049 0.4883279 0.06653064
v -0.1357106 0.5440752 0.06089128
v -0.1119179 0.6133363 0.05330324
v -0.1663882 0.5004395 -0.009449257
v -0.1662423 0.4677872 0.04466996
v -0.1818739 0.4575547 -0.01028949
v -0.1693896 0.4694594 -0.0559074
v -0.1486373 0.545696 -0.01123987
v -0.1560287 0.5040246 -0.05398139
v -0.1385184 0.4954423 -0.08797929
v -0.125137 0.5527521 -0.07482651
v -0.1055654 0.4928289 -0.1058351
v -0.07617678 0.5575612 -0.09937188
v -0.06091481 0.5020719 -0.1154113
v -0.0298457 0.5320624 -0.1111779
v -0.02545951 0.5658854 -0.104014
v -0.1067693 0.6154213 -0.0715723
v -0.06151219 0.6139219 -0.09561724
v -0.07061864 0.6997163 -0.09105466
v -0.007647109 0.615849 -0.0993088
v -0.006920023 0.6858162 -0.105058
v -0.04406908 0.6925975 -0.1019648
v -0.00680722 0.7196547 -0.1033517
v -0.03451864 0.7317374 -0.09874997
v -0.05662724 0.7620171 -0.08371823
v -0.1210014 0.6143281 -0.01647444
v -0.09325709 0.6684666 -0.071399
v -0.09343515 0.6666948 0.04652206
v -0.1042421 0.6516057 -0.02012082
v -0.08234014 0.7070889 -0.07355
v -0.07909072 0.7484652 -0.07480814
v -0.09838365 0.6692887 -0.0211748
v -0.08125337 0.7854198 -0.06317288
v -0.0597829 0.7935445 -0.06704888
v -0.08140179 0.7946588 -0.0236947
v -0.08751287 0.698634 0.02518541
v -0.08412044 0.7044145 0.04520793
v -0.07664777 0.7473831 0.02859508
v -0.07124697 0.7569855 0.03542434
v -0.05650072 0.7665101 0.04403422
v -0.07847156 0.7838103 0.01756204
v -0.07070833 0.7884347 0.02046311
v 0 0.7133626 0.07680307
v 0.05650072 0.7665101 0.04403422
v 0.05328258 0.7123485 0.06538744
v 0 0.7614539 0.0597174
v 0.03660221 0.6814076 0.08319923
v -0.05650072 0.7665101 0.04403422
v -0.05328258 0.7123485 0.06538744
v -0.03660221 0.6814076 0.08319923
v 0.005465585 0.6693047 0.09382056
v -0.005465585 0.6693047 0.09382056
v 0 0.665822 0.0944235
v 0 0.656914 0.09896415
v 0.2858267 1.097813 0.01750122
v 0.2791188 1.146417 -0.05049874
v 0.3011306 1.042605 -0.05348388
v 0.2680504 1.101556 -0.1307907
v 0.2944671 1.041037 0.01905591
v 0.2792404 1.038308 0.06511264
v 0.2896985 0.9787466 0.01965049
v 0.2927638 0.9522967 -0.05451302
v 0.2727519 0.9797394 -0.1318799
v 0.2789546 1.045015 -0.1324535
v 0.2474127 1.050264 -0.1693984
v 0.04930759 0.7878555 0.0474006
v 0 0.8027061 0.06001683
v 0.03899945 0.8059494 0.04526583
v 0.06283733 0.807887 0.02275843
v 0.07070833 0.7884347 0.02046311
v 0.08140179 0.7946588 -0.0236947
v 0.07373883 0.8124605 -0.0232849
v 0.05712663 0.8145236 -0.05525659
v 0.0597829 0.7935445 -0.06704888
v 0.02896537 0.8168491 -0.07866953
v 0.02816001 0.7928683 -0.08149497
v 0 0.8176363 -0.0864604
v 0 0.7920569 -0.08563458
v -0.02816001 0.7928683 -0.08149497
v -0.02896537 0.8168491 -0.07866953
v -0.0597829 0.7935445 -0.06704888
v -0.05712663 0.8145236 -0.05525659
v -0.08140179 0.7946588 -0.0236947
v -0.07373883 0.8124605 -0.0232849
v -0.06283733 0.807887 0.02275843
v -0.07070833 0.7884347 0.02046311
v -0.04930759 0.7878555 0.0474006
v -0.03899945 0.8059494 0.04526583
v -0.05650072 0.7665101 0.04403422
v 0 0.7847127 0.06345558
v 0 0.7614539 0.0597174
v 0.05650072 0.7665101 0.04403422
v 0.3087001 0.4785447 -0.001299933
v 0.3135285 0.4849443 0.009844823
v 0.3307761 0.4681714 0.0003799524
v 0.2935945 0.498396 0.001583317
v 0.3209798 0.4668206 -0.007631754
v 0.3052325 0.4742455 -0.02383007
v 0.3371746 0.4583019 -0.02382234
v 0.3259889 0.4606659 -0.02382228
v 0.3307756 0.4681718 -0.04801773
v 0.2962187 0.4870174 -0.006827284
v 0.2878879 0.4903482 -0.02381471
v 0.2833903 0.4992172 -0.0238113
v 0.2962185 0.4870177 -0.04080246
v 0.2935939 0.4983962 -0.04920468
v 0.3085973 0.4786281 -0.04636044
v 0.3133747 0.4850692 -0.05751364
v 0.3209794 0.4668209 -0.04000815
v 0.1683628 0.3600344 0.07332709
v 0.166907 0.3914957 0.06996523
v 0.1910975 0.3754169 -0.003725255
v 0.1174917 0.3682438 0.110759
v 0.1931369 0.3594126 -0.003018498
v 0.1757448 0.3854648 -0.07338489
v 0.1744669 0.3460935 -0.07447309
v 0.145457 0.4010551 -0.1024145
v 0.1127349 0.3536331 0.1042799
v 0.07160366 0.3674358 0.1286118
v 0.1943118 0.3044367 -0.002753255
v 0.1146246 0.3443933 -0.1202379
v 0.1013928 0.4034199 -0.131718
v 0.04918659 0.3420043 -0.1321501
v 0.04438132 0.4113842 -0.1407279
v 0.0340714 0.3893099 -0.1701041
v 0.02676633 0.4285479 -0.1400788
v 0.1695366 0.2872339 -0.0626782
v 0.1691749 0.3046531 0.06737995
v 0.1172641 0.2938239 -0.1027642
v 0 0.4150063 -0.1698985
v 0 0.4365197 -0.1374525
v -0.02676633 0.4285479 -0.1400788
v -0.0340714 0.3893099 -0.1701041
v -0.04438132 0.4113842 -0.1407279
v -0.04918659 0.3420043 -0.1321501
v -0.1013928 0.4034199 -0.131718
v 0 0.4112086 -0.2536167
v -0.1146246 0.3443933 -0.1202379
v -0.145457 0.4010551 -0.1024145
v -0.1744669 0.3460935 -0.07447309
v -0.1757448 0.3854648 -0.07338489
v -0.1931369 0.3594126 -0.003018498
v -0.1910975 0.3754169 -0.003725255
v -0.1683628 0.3600344 0.07332709
v -0.166907 0.3914957 0.06996523
v -0.1174917 0.3682438 0.110759
v -0.1943118 0.3044367 -0.002753255
v -0.1695366 0.2872339 -0.0626782
v -0.1127349 0.3536331 0.1042799
v -0.07160366 0.3674358 0.1286118
v -0.1172641 0.2938239 -0.1027642
v -0.1691749 0.3046531 0.06737995
v -0.06400701 0.2981682 0.08573878
v -0.11055 0.302239 0.100481
v -0.1689489 0.2219189 0.05526484
v -0.1896243 0.226237 -0.004192038
v -0.04305943 0.296087 0.09220176
v -0.02962913 0.2708852 0.05141309
v 0 0.3652155 0.1356862
v -0.06390145 0.2753157 0.08164914
v 0 0.2946945 0.09744029
v -0.1107552 0.2180752 0.08511926
v 0.04305943 0.296087 0.09220176
v 0.02962913 0.2708852 0.05141309
v 0.06400701 0.2981682 0.08573878
v 0.11055 0.302239 0.100481
v 0 0.2706141 0.05283519
v -0.0465296 0.2151942 0.05116988
v 0.06390145 0.2753157 0.08164914
v 0.1689489 0.2219189 0.05526484
v 0.1107552 0.2180752 0.08511926
v 0.0465296 0.2151942 0.05116988
v 0.1896243 0.226237 -0.004192038
v 0.1861581 0.1846435 -0.009138482
v 0.1625756 0.2273848 -0.06002927
v 0.1660583 0.1883477 0.04818708
v 0.1842206 0.1639101 -0.01332615
v 0.1110269 0.2716586 -0.08503544
v 0.1573993 0.1902222 -0.05919739
v 0.1049461 0.2248598 -0.07590012
v 0.04902465 0.2945537 -0.1113073
v 0.1116229 0.1868779 0.07609721
v 0.1131721 0.1637968 0.07197021
v 0.05275185 0.1812277 0.04649875
v 0.165315 0.1655035 0.04388007
v 0.1633396 0.1425877 0.03942209
v 0.05323527 0.2198047 -0.05995829
v 0.04345243 0.2645103 -0.06509528
v 0 0.3115468 -0.1092691
v 0 0.2923737 -0.09563464
v 0.03374687 0.172376 -0.01126178
v 0.03802819 0.1515819 -0.01380591
v 0.05576599 0.1578854 0.04292694
v 0.05995341 0.1371354 0.03970429
v 0.02498905 0.2147145 -0.004997329
v 0.06437848 0.1832671 -0.05927232
v 0.01653149 0.2670301 -0.008114014
v 0.1084838 0.1872345 -0.06824069
v 0 0.2763378 -0.06030538
v 0 0.2693028 -0.007604579
v -0.01653149 0.2670301 -0.008114014
v 0.07267516 0.1587401 -0.0624092
v 0.1541577 0.1637063 -0.06243896
v -0.04345243 0.2645103 -0.06509528
v -0.02498905 0.2147145 -0.004997329
v 0.07446727 0.1421966 -0.06375808
v 0.1527478 0.1459827 -0.0638384
v -0.04902465 0.2945537 -0.1113073
v 0.04414158 0.1252803 -0.01869438
v 0.1818609 0.1354857 -0.01852187
v 0.0531893 0.08841798 -0.02184293
v 0.06837069 0.09047898 0.02947606
v 0.08227202 0.09160694 -0.06059448
v 0.1782932 0.09596319 -0.02175696
v 0.1620579 0.0954619 0.02933105
v 0.1510999 0.09522108 -0.06063627
v 0.07024039 0.03071927 -0.02500801
v 0.0818866 0.03173103 0.02539771
v 0.1215679 0.03365786 0.04806988
v 0.1178352 0.09436618 0.05464738
v 0.1145968 0.1385547 0.06501293
v 0.1599838 0.03173103 0.02538965
v 0.1701882 0.03074009 -0.02500818
v 0.09210178 0.03172914 -0.05510918
v 0.0840262 0.01157908 0.02446887
v 0.1583995 0.01157908 0.02446697
v 0.147358 0.03172861 -0.05510962
v 0.07565883 0.01146073 -0.02297405
v 0.1213016 0.01180475 0.04515199
v 0.1666618 0.0114631 -0.02319232
v 0.09606134 0.011579 -0.04983746
v 0.1462461 0.01157892 -0.04983796
v 0.1029428 0.002551629 -0.04335997
v 0.08741845 0.002551412 0.02460669
v 0.1548923 0.002551374 0.02460609
v 0.1409002 0.002551629 -0.04336062
v 0.158538 0.00255162 -0.0197601
v 0.1209034 0.002551368 0.04250684
v 0.08347535 0.00255162 -0.01953816
v 0.2146828 0.6862339 -0.02367995
v 0.2226812 0.6876624 -0.02386445
v 0.2070731 0.6727437 -0.0860592
v 0.2065385 0.6710017 0.04092435
v 0.2009047 0.6727429 -0.08030065
v 0.2014752 0.6712204 0.03363492
v 0.1624797 0.6325474 -0.08030012
v 0.1648311 0.6332014 0.03248787
v 0.1629088 0.626679 -0.08744088
v 0.1654285 0.6263582 0.04182839
v 0.1491734 0.6178648 -0.02334766
v 0.1492926 0.6081283 -0.02149689
v 0.2065385 0.6710017 0.04092435
v 0.1384166 0.6508801 0.03816747
v 0.1664575 0.6896245 0.03769137
v 0.1180434 0.6760258 0.0339641
v 0.121522 0.6395859 -0.009577393
v 0.1492926 0.6081283 -0.02149689
v 0.1654285 0.6263582 0.04182839
v 0.1778076 0.7014943 0.02609369
v 0.1943906 0.7106106 -0.02388632
v 0.2226812 0.6876624 -0.02386445
v 0.1693413 0.731075 -0.02384969
v 0.1783212 0.702786 -0.07325245
v 0.2070731 0.6727437 -0.0860592
v 0.1356982 0.6512421 -0.08535565
v 0.1207896 0.6396175 -0.03424186
v 0.1158408 0.6766396 -0.08037242
v 0.1629088 0.626679 -0.08744088
v 0.1663893 0.6911079 -0.08459147
v 0.04715319 0.6540075 0.0899599
v 0.02356059 0.6410515 0.09906363
v 0.018117 0.6503304 0.1045595
v 0.01374386 0.6463986 0.1000521
v 0.01329419 0.6566496 0.09545106
v 0.03684001 0.6695784 0.08637083
v 0.04564764 0.6654482 0.09354281
v 0.04692269 0.6646178 0.08445794
v 0.0774077 0.7015161 0.05260986
v 0.06984286 0.6783318 0.06804537
v 0.0640045 0.6835695 0.07894728
v 0.0602969 0.6780645 0.0756533
v 0.05339367 0.6868123 0.07490601
v 0.06094441 0.7099496 0.05982325
v 0.07283255 0.7106228 0.06108026
v 0.07093614 0.7106679 0.05292801
v 0.2437889 0.5146315 0.002720829
v 0.2731661 0.5253372 0.03237108
v 0.2628106 0.5138565 -0.009923837
v 0.246671 0.5178481 -0.01464691
v 0.2372374 0.529097 -0.01000591
v 0.2492518 0.5424303 0.03638535
v 0.2513696 0.5229244 0.03087421
v 0.2611496 0.5338985 0.04009768
v 0.3258546 0.601952 -0.04980769
v 0.3204763 0.5756413 -0.07845449
v 0.3289546 0.5835347 -0.03753762
v 0.3226364 0.5982402 -0.03252312
v 0.3104346 0.6069595 -0.03746908
v 0.3201707 0.5964222 -0.07723992
v 0.3109851 0.5870705 -0.08635538
v 0.300778 0.5974677 -0.0829667
v 0.2943437 0.5692085 -0.1101059
v 0.2858845 0.5380151 -0.09463892
v 0.3078316 0.5622016 -0.09310871
v 0.3013968 0.5768682 -0.09775967
v 0.2879809 0.5838948 -0.09737873
v 0.2770659 0.5503402 -0.111082
v 0.2699673 0.5425453 -0.09958652
v 0.2610089 0.5546589 -0.09872615
v 0.2433518 0.5137555 -0.05033694
v 0.2479964 0.540575 -0.08546194
v 0.2368994 0.5286192 -0.0373072
v 0.2465206 0.5175487 -0.03250045
v 0.2626711 0.5134411 -0.03734477
v 0.272935 0.5239839 -0.0815386
v 0.2505761 0.5212305 -0.07965294
v 0.260057 0.5318061 -0.08907168
v 0.2950256 0.5699579 0.06163025
v 0.307923 0.5625013 0.04487142
v 0.2864442 0.5396248 0.04565118
v 0.3017007 0.5769253 0.04959069
v 0.2886356 0.5840648 0.04911275
v 0.2783023 0.5522658 0.06209481
v 0.2712796 0.544742 0.05046015
v 0.2627649 0.5568489 0.0497026
v 0.3207338 0.5757853 0.03053202
v 0.3260541 0.6019614 0.002641323
v 0.3289777 0.5835314 -0.009584506
v 0.3226633 0.5982062 -0.01445857
v 0.3105513 0.6069248 -0.009611445
v 0.3206592 0.5965177 0.02952146
v 0.3115377 0.5871929 0.03829028
v 0.3014785 0.5975291 0.03494734
v -0.1028129 1.292824 -0.0210338
v -0.1045548 1.282972 0.07573909
v -0.1286664 1.319492 0.07105401
v -0.1283404 1.269577 0.08687099
v -0.149449 1.303555 0.0805636
v -0.1555622 1.259846 0.07490408
v -0.1676874 1.288337 0.06593411
v -0.1978712 1.345769 0.06708556
v -0.2151451 1.326805 0.04594626
v -0.1824916 1.365721 0.05960674
v -0.1323294 1.329721 -0.01168418
v -0.2478451 1.367523 0.04813951
v -0.2641104 1.341841 0.02543961
v -0.1915854 1.301719 -0.07012522
v -0.1639234 1.269624 -0.07892467
v -0.2019658 1.379288 -0.002723114
v -0.2377723 1.390252 0.04009826
v -0.2791041 1.371478 0.032231
v -0.2884852 1.393452 0.01696892
v -0.2869768 1.344428 0.02495768
v -0.2747171 1.270549 0.01973586
v -0.3051671 1.347152 0.003069672
v -0.2926088 1.268185 0.01915096
v -0.26005 1.213819 0.02775768
v -0.244483 1.358252 -0.03510322
v -0.2881275 1.322008 -0.03871102
v -0.2776942 1.202709 0.02486574
v -0.2410115 1.183958 0.04396187
v -0.2579817 1.156034 0.03790792
v -0.3125718 1.265821 -0.006713091
v -0.2615132 1.236452 -0.06628836
v -0.2415377 1.198385 -0.06965268
v -0.296864 1.191599 -0.00267082
v -0.2700978 1.145709 0.01066012
v -0.2154113 1.249814 0.04080601
v -0.1676874 1.288337 0.06593411
v -0.1555622 1.259846 0.07490408
v -0.2063646 1.224487 0.05268463
v -0.2410115 1.183958 0.04396187
v -0.26005 1.213819 0.02775768
v -0.2151451 1.326805 0.04594626
v -0.2747171 1.270549 0.01973586
v -0.2435027 1.298221 0.02982637
v -0.2641104 1.341841 0.02543961
v -0.2858267 1.097813 0.01750122
v -0.3011306 1.042605 -0.05348388
v -0.2791188 1.146417 -0.05049874
v -0.2680504 1.101556 -0.1307907
v -0.2944671 1.041037 0.01905591
v -0.2792404 1.038308 0.06511264
v -0.2896985 0.9787466 0.01965049
v -0.2927638 0.9522967 -0.05451302
v -0.2727519 0.9797394 -0.1318799
v -0.2789546 1.045015 -0.1324535
v -0.2474127 1.050264 -0.1693984
v -0.3087001 0.4785447 -0.001299933
v -0.3307761 0.4681714 0.0003799524
v -0.3135285 0.4849443 0.009844823
v -0.2935945 0.498396 0.001583317
v -0.3209798 0.4668206 -0.007631754
v -0.3052325 0.4742455 -0.02383007
v -0.3371746 0.4583019 -0.02382234
v -0.3259889 0.4606659 -0.02382228
v -0.3307756 0.4681718 -0.04801773
v -0.2962187 0.4870174 -0.006827284
v -0.2878879 0.4903482 -0.02381471
v -0.2833903 0.4992172 -0.0238113
v -0.2962185 0.4870177 -0.04080246
v -0.2935939 0.4983962 -0.04920468
v -0.3085973 0.4786281 -0.04636044
v -0.3133747 0.4850692 -0.05751364
v -0.3209794 0.4668209 -0.04000815
v -0.2070731 0.6727437 -0.0860592
v -0.2226812 0.6876624 -0.02386445
v -0.2146828 0.6862339 -0.02367995
v -0.2065385 0.6710017 0.04092435
v -0.2009047 0.6727429 -0.08030065
v -0.2014752 0.6712204 0.03363492
v -0.1624797 0.6325474 -0.08030012
v -0.1648311 0.6332014 0.03248787
v -0.1629088 0.626679 -0.08744088
v -0.1654285 0.6263582 0.04182839
v -0.1491734 0.6178648 -0.02334766
v -0.1492926 0.6081283 -0.02149689
v -0.2065385 0.6710017 0.04092435
v -0.1664575 0.6896245 0.03769137
v -0.1384166 0.6508801 0.03816747
v -0.1180434 0.6760258 0.0339641
v -0.121522 0.6395859 -0.009577393
v -0.1492926 0.6081283 -0.02149689
v -0.1654285 0.6263582 0.04182839
v -0.2226812 0.6876624 -0.02386445
v -0.1943906 0.7106106 -0.02388632
v -0.1778076 0.7014943 0.02609369
v -0.1693413 0.731075 -0.02384969
v -0.1783212 0.702786 -0.07325245
v -0.2070731 0.6727437 -0.0860592
v -0.1207896 0.6396175 -0.03424186
v -0.1356982 0.6512421 -0.08535565
v -0.1629088 0.626679 -0.08744088
v -0.1158408 0.6766396 -0.08037242
v -0.1663893 0.6911079 -0.08459147
v -0.018117 0.6503304 0.1045595
v -0.02356059 0.6410515 0.09906363
v -0.04715319 0.6540075 0.0899599
v -0.01374386 0.6463986 0.1000521
v -0.01329419 0.6566496 0.09545106
v -0.03684001 0.6695784 0.08637083
v -0.04564764 0.6654482 0.09354281
v -0.04692269 0.6646178 0.08445794
v -0.0640045 0.6835695 0.07894728
v -0.06984286 0.6783318 0.06804537
v -0.0774077 0.7015161 0.05260986
v -0.0602969 0.6780645 0.0756533
v -0.05339367 0.6868123 0.07490601
v -0.06094441 0.7099496 0.05982325
v -0.07283255 0.7106228 0.06108026
v -0.07093614 0.7106679 0.05292801
v -0.2437889 0.5146315 0.002720829
v -0.2628106 0.5138565 -0.009923837
v -0.2731661 0.5253372 0.03237108
v -0.246671 0.5178481 -0.01464691
v -0.2372374 0.529097 -0.01000591
v -0.2492518 0.5424303 0.03638535
v -0.2513696 0.5229244 0.03087421
v -0.2611496 0.5338985 0.04009768
v -0.3258546 0.601952 -0.04980769
v -0.3289546 0.5835347 -0.03753762
v -0.3204763 0.5756413 -0.07845449
v -0.3226364 0.5982402 -0.03252312
v -0.3104346 0.6069595 -0.03746908
v -0.3201707 0.5964222 -0.07723992
v -0.3109851 0.5870705 -0.08635538
v -0.300778 0.5974677 -0.0829667
v -0.2943437 0.5692085 -0.1101059
v -0.3078316 0.5622016 -0.09310871
v -0.2858845 0.5380151 -0.09463892
v -0.3013968 0.5768682 -0.09775967
v -0.2879809 0.5838948 -0.09737873
v -0.2770659 0.5503402 -0.111082
v -0.2699673 0.5425453 -0.09958652
v -0.2610089 0.5546589 -0.09872615
v -0.2433518 0.5137555 -0.05033694
v -0.2368994 0.5286192 -0.0373072
v -0.2479964 0.540575 -0.08546194
v -0.2465206 0.5175487 -0.03250045
v -0.2626711 0.5134411 -0.03734477
v -0.272935 0.5239839 -0.0815386
v -0.2505761 0.5212305 -0.07965294
v -0.260057 0.5318061 -0.08907168
v -0.2864442 0.5396248 0.04565118
v -0.307923 0.5625013 0.04487142
v -0.2950256 0.5699579 0.06163025
v -0.3017007 0.5769253 0.04959069
v -0.2886356 0.5840648 0.04911275
v -0.2783023 0.5522658 0.06209481
v -0.2712796 0.544742 0.05046015
v -0.2627649 0.5568489 0.0497026
v -0.3260541 0.6019614 0.002641323
v -0.3207338 0.5757853 0.03053202
v -0.3289777 0.5835314 -0.009584506
v -0.3226633 0.5982062 -0.01445857
v -0.3105513 0.6069248 -0.009611445
v -0.3206592 0.5965177 0.02952146
v -0.3115377 0.5871929 0.03829028
v -0.3014785 0.5975291 0.03494734
v 0.03434403 0.7575491 0.05497009
v 0.02521736 0.7072473 0.078031
v 0.05368199 0.7105035 0.07056149
v 0.02739943 0.7092228 0.09495576
v 0.0576634 0.7148996 0.09279741
v 0.03228961 0.7245917 0.1084744
v 0.06152331 0.7267783 0.1007025
v 0.03698013 0.7499049 0.1100042
v 0.06182639 0.7214831 0.08466416
v 0.05929175 0.7203084 0.07632816
v 0.06428362 0.7290227 0.08930448
v 0.05929175 0.7472957 0.06392826
v 0.06389493 0.7477283 0.1005196
v 0.03758078 0.7663026 0.08964788
v 0.0657934 0.7422875 0.08871301
v 0.05368198 0.7516055 0.05149765
v 0.0618264 0.7528229 0.07026811
v 0.06152332 0.7615597 0.08475812
v 0.03750109 0.7675936 0.06826084
v 0.06428362 0.7514012 0.07903139
v 0.05766337 0.763342 0.07055368
v 0.229835 0.5762032 0.03370672
v 0.2079882 0.5402541 -0.0235378
v 0.2155229 0.5595628 -0.02370031
v 0.2298339 0.5762026 -0.08170743
v 0.2290135 0.563607 0.05384944
v 0.2594707 0.5101538 -0.02356472
v 0.2645797 0.6133552 0.03410162
v 0.2261973 0.5607093 -0.1031171
v 0.264621 0.6134318 -0.08242701
v 0.2780664 0.6161815 -0.1013451
v 0.2784919 0.6284521 -0.0236965
v 0.294928 0.6334968 -0.02353438
v 0.2794202 0.6160942 0.05325866
v 0.2761354 0.5272712 -0.09531866
v 0.276506 0.5290399 0.04601196
v 0.3178612 0.5730862 0.04451064
v 0.3175807 0.5729455 -0.09242897
v 0.3318503 0.5862305 -0.02356312
v 0.3261714 0.559666 0.04269254
v 0.3262056 0.5597005 -0.08915751
v 0.2864374 0.519679 -0.09234852
v 0.2899943 0.52159 0.04304105
v 0.3396213 0.5723493 -0.02351946
v 0.275611 0.5068724 -0.02352006
v 0.3646786 0.5265179 0.04345914
v 0.3247811 0.4844614 -0.09434186
v 0.3265971 0.4865104 0.04554909
v 0.3646785 0.5265206 -0.09005544
v 0.3143052 0.4739252 -0.02365439
v 0.3678342 0.4511551 0.03498709
v 0.3770842 0.539251 -0.02365181
v 0.3686394 0.4504485 -0.0830706
v 0.400771 0.4887815 0.03160146
v 0.4007706 0.4887794 -0.07960523
v 0.3684611 0.4391776 -0.02367825
v 0.3913277 0.4373883 -0.02377048
v 0.4103966 0.4949211 -0.02367981
v 0.3904378 0.4444613 0.007110464
v 0.3904862 0.4444034 -0.05491608
v 0.4071324 0.4667311 0.001779014
v 0.4132378 0.4642172 -0.02377047
v 0.406974 0.4669586 -0.04994986
v -0.229835 0.5762032 0.03370672
v -0.2155229 0.5595628 -0.02370031
v -0.2079882 0.5402541 -0.0235378
v -0.2298339 0.5762026 -0.08170743
v -0.2290135 0.563607 0.05384944
v -0.2594707 0.5101538 -0.02356472
v -0.2645797 0.6133552 0.03410162
v -0.2261973 0.5607093 -0.1031171
v -0.264621 0.6134318 -0.08242701
v -0.2780664 0.6161815 -0.1013451
v -0.2784919 0.6284521 -0.0236965
v -0.294928 0.6334968 -0.02353438
v -0.2794202 0.6160942 0.05325866
v -0.2761354 0.5272712 -0.09531866
v -0.276506 0.5290399 0.04601196
v -0.3178612 0.5730862 0.04451064
v -0.3175807 0.5729455 -0.09242897
v -0.3318503 0.5862305 -0.02356312
v -0.3261714 0.559666 0.04269254
v -0.3262056 0.5597005 -0.08915751
v -0.2864374 0.519679 -0.09234852
v -0.2899943 0.52159 0.04304105
v -0.3396213 0.5723493 -0.02351946
v -0.275611 0.5068724 -0.02352006
v -0.3646786 0.5265179 0.04345914
v -0.3247811 0.4844614 -0.09434186
v -0.3265971 0.4865104 0.04554909
v -0.3646785 0.5265206 -0.09005544
v -0.3143052 0.4739252 -0.02365439
v -0.3678342 0.4511551 0.03498709
v -0.3770842 0.539251 -0.02365181
v -0.3686394 0.4504485 -0.0830706
v -0.400771 0.4887815 0.03160146
v -0.4007706 0.4887794 -0.07960523
v -0.3684611 0.4391776 -0.02367825
v -0.3913277 0.4373883 -0.02377048
v -0.4103966 0.4949211 -0.02367981
v -0.3904378 0.4444613 0.007110464
v -0.3904862 0.4444034 -0.05491608
v -0.4071324 0.4667311 0.001779014
v -0.4132378 0.4642172 -0.02377047
v -0.406974 0.4669586 -0.04994986
v -0.05613504 0.7093795 0.09497843
v -0.05328172 0.7456762 0.08496018
v -0.05747549 0.7306451 0.111936
v -0.05373497 0.70488 0.07699134
v -0.05926464 0.7552895 0.1053428
v -0.06192718 0.7598284 0.05821716
v -0.06326932 0.7670798 0.0904501
v -0.06399936 0.7671857 0.0672338
v 0.06428362 0.7290227 0.08930448
v 0.0587463 0.7377247 0.07865591
v 0.06182639 0.7214831 0.08466416
v 0.0657934 0.7422875 0.08871301
v 0.05929175 0.7203084 0.07632816
v 0.06428362 0.7514012 0.07903139
v 0.05929175 0.7472957 0.06392826
v 0.0618264 0.7528229 0.07026811
v 0.03315885 0.3515677 -0.1686941
v 0 0.3296443 -0.1626298
v 0 0.3299971 -0.2517826
v 0.02947859 0.3526253 -0.2523067
v -0.03315885 0.3515677 -0.1686941
v -0.1110269 0.2716586 -0.08503544
v -0.02947859 0.3526253 -0.2523067
v 0.02940249 0.3876244 -0.2532488
v 0 0.4089396 -0.3666103
v -0.02940249 0.3876244 -0.2532488
v 0.02819035 0.386515 -0.3664928
v -0.02819035 0.386515 -0.3664928
v -0.05323527 0.2198047 -0.05995829
v 0.02806355 0.3525053 -0.3664927
v -0.02806355 0.3525053 -0.3664927
v -0.03374687 0.172376 -0.01126178
v 0 0.3309598 -0.3664927
v 0 0.330586 -0.4678827
v 0.03092367 0.3523306 -0.4678827
v -0.03092367 0.3523306 -0.4678827
v -0.05275185 0.1812277 0.04649875
v -0.03802819 0.1515819 -0.01380591
v -0.06437848 0.1832671 -0.05927232
v 0.03042576 0.3869472 -0.4678828
v -0.03042576 0.3869472 -0.4678828
v 0 0.3305589 -0.5666833
v -0.1049461 0.2248598 -0.07590012
v 0 0.4095679 -0.4681664
v 0.03291461 0.3523448 -0.5666833
v -0.03291461 0.3523448 -0.5666833
v -0.1625756 0.2273848 -0.06002927
v -0.1861581 0.1846435 -0.009138482
v -0.1573993 0.1902222 -0.05919739
v -0.1842206 0.1639101 -0.01332615
v -0.1660583 0.1883477 0.04818708
v -0.1084838 0.1872345 -0.06824069
v -0.1541577 0.1637063 -0.06243896
v -0.07267516 0.1587401 -0.0624092
v -0.07446727 0.1421966 -0.06375808
v -0.1116229 0.1868779 0.07609721
v -0.1131721 0.1637968 0.07197021
v -0.1527478 0.1459827 -0.0638384
v -0.05576599 0.1578854 0.04292694
v -0.05995341 0.1371354 0.03970429
v -0.165315 0.1655035 0.04388007
v -0.1633396 0.1425877 0.03942209
v -0.04414158 0.1252803 -0.01869438
v -0.1818609 0.1354857 -0.01852187
v -0.1145968 0.1385547 0.06501293
v -0.1178352 0.09436618 0.05464738
v -0.06837069 0.09047898 0.02947606
v -0.1215679 0.03365786 0.04806988
v -0.1620579 0.0954619 0.02933105
v -0.0531893 0.08841798 -0.02184293
v -0.1782932 0.09596319 -0.02175696
v -0.08227202 0.09160694 -0.06059448
v -0.0818866 0.03173103 0.02539771
v -0.07024039 0.03071927 -0.02500801
v -0.1510999 0.09522108 -0.06063627
v -0.1599838 0.03173103 0.02538965
v -0.1701882 0.03074009 -0.02500818
v -0.09210178 0.03172914 -0.05510918
v -0.0840262 0.01157908 0.02446887
v -0.1583995 0.01157908 0.02446697
v -0.147358 0.03172861 -0.05510962
v -0.07565883 0.01146073 -0.02297405
v -0.1213016 0.01180475 0.04515199
v -0.1666618 0.0114631 -0.02319232
v -0.09606134 0.011579 -0.04983746
v -0.1462461 0.01157892 -0.04983796
v -0.1029428 0.002551629 -0.04335997
v -0.08741845 0.002551412 0.02460669
v -0.1548923 0.002551374 0.02460609
v -0.1409002 0.002551629 -0.04336062
v -0.158538 0.00255162 -0.0197601
v -0.1209034 0.002551368 0.04250684
v -0.08347535 0.00255162 -0.01953816
v 0.03205924 0.3873154 -0.5666834
v 0 0.4099846 -0.5671321
v -0.03205924 0.3873154 -0.5666834
v 0.03256868 0.3526323 -0.6512505
v 0.03123706 0.3887836 -0.6512505
v 0 0.3308596 -0.6512507
v -0.03256868 0.3526323 -0.6512505
v -0.03123706 0.3887836 -0.6512505
v 0 0.3352835 -0.6967275
v 0 0.4102933 -0.6518731
v 0.0293022 0.3550929 -0.6967275
v -0.0293022 0.3550929 -0.6967275
v 0.02688022 0.3863065 -0.6967323
v 0 0.3658148 -0.7147511
v -0.02688022 0.3863065 -0.6967323
v 0 0.4038413 -0.6967614
v 0.1132656 -1.137768E-08 0.02333215
v 0.1095177 0.002650746 0.02243199
v 0.1113356 0.00265074 0.03332294
v 0.1144816 -1.496927E-08 0.03061771
v 0.1208394 0.002650738 0.0377836
v 0.1167241 -8.493823E-09 0.01730825
v 0.1146879 0.00265075 0.0134269
v 0.1284207 -1.136513E-08 0.0232714
v 0.1249477 -8.493823E-09 0.01730825
v 0.1269808 0.00265075 0.0134269
v 0.1321723 0.002650746 0.02234116
v 0.1271951 -1.496928E-08 0.03061773
v 0.1303403 0.00265074 0.03332297
v 0.1208394 -1.640544E-08 0.03360176
v 0.0930452 -2.564922E-09 0.005201545
v 0.09072833 0.002650756 0.001996705
v 0.08541635 0.002650751 0.01156004
v 0.08949161 -5.674987E-09 0.01159903
v 0.08995061 0.002650746 0.0213553
v 0.09940301 -1.420504E-09 0.002908263
v 0.1002323 0.002650757 -0.001431611
v 0.1046921 -7.488345E-09 0.0153268
v 0.1057028 -4.125556E-09 0.008427395
v 0.1096494 0.002650754 0.006818978
v 0.1081386 0.002650748 0.01713204
v 0.09923074 -9.822305E-09 0.02013174
v 0.09997471 0.002650745 0.02431487
v 0.09252491 -8.891659E-09 0.01815187
v 0.1033902 1.111992E-08 -0.02280587
v 0.09472135 0.002650769 -0.02438312
v 0.1020835 0.00265076 -0.00512297
v 0.1083152 4.881345E-09 -0.009921617
v 0.1209089 0.002650756 0.003073446
v 0.1104315 1.641963E-08 -0.03367043
v 0.1052469 0.002650777 -0.04062394
v 0.1384397 1.121418E-08 -0.02290145
v 0.1313743 1.649417E-08 -0.03367062
v 0.1365534 0.002650777 -0.04062418
v 0.1471151 0.002650769 -0.02452592
v 0.1334986 4.881401E-09 -0.009921889
v 0.139729 0.00265076 -0.005123504
v 0.1209087 2.183725E-09 -0.004438448
v 0.1366393 -7.497037E-09 0.01536887
v 0.1332141 0.002650748 0.01719472
v 0.1413114 0.002650745 0.0243175
v 0.142056 -9.82274E-09 0.02013385
v 0.1513376 0.002650746 0.02135617
v 0.1355802 -4.126748E-09 0.008433165
v 0.1316311 0.002650754 0.006826702
v 0.1482114 -2.554433E-09 0.005150781
v 0.1418799 -1.421559E-09 0.002913365
v 0.1410481 0.002650757 -0.00142422
v 0.1505129 0.002650756 0.001920296
v 0.151795 -5.675366E-09 0.01160086
v 0.1558696 0.002650751 0.01156215
v 0.1487632 -8.891869E-09 0.01815289
v -0.1132656 -1.137768E-08 0.02333215
v -0.1144816 -1.496927E-08 0.03061771
v -0.1113356 0.00265074 0.03332294
v -0.1095177 0.002650746 0.02243199
v -0.1208394 0.002650738 0.0377836
v -0.1167241 -8.493823E-09 0.01730825
v -0.1146879 0.00265075 0.0134269
v -0.1284207 -1.136513E-08 0.0232714
v -0.1249477 -8.493823E-09 0.01730825
v -0.1269808 0.00265075 0.0134269
v -0.1321723 0.002650746 0.02234116
v -0.1271951 -1.496928E-08 0.03061773
v -0.1303403 0.00265074 0.03332297
v -0.1208394 -1.640544E-08 0.03360176
v -0.0930452 -2.564922E-09 0.005201545
v -0.08949161 -5.674987E-09 0.01159903
v -0.08541635 0.002650751 0.01156004
v -0.09072833 0.002650756 0.001996705
v -0.08995061 0.002650746 0.0213553
v -0.09940301 -1.420504E-09 0.002908263
v -0.1002323 0.002650757 -0.001431611
v -0.1046921 -7.488345E-09 0.0153268
v -0.1057028 -4.125556E-09 0.008427395
v -0.1096494 0.002650754 0.006818978
v -0.1081386 0.002650748 0.01713204
v -0.09923074 -9.822305E-09 0.02013174
v -0.09997471 0.002650745 0.02431487
v -0.09252491 -8.891659E-09 0.01815187
v -0.1033902 1.111992E-08 -0.02280587
v -0.1083152 4.881345E-09 -0.009921617
v -0.1020835 0.00265076 -0.00512297
v -0.09472135 0.002650769 -0.02438312
v -0.1209089 0.002650756 0.003073446
v -0.1104315 1.641963E-08 -0.03367043
v -0.1052469 0.002650777 -0.04062394
v -0.1384397 1.121418E-08 -0.02290145
v -0.1313743 1.649417E-08 -0.03367062
v -0.1365534 0.002650777 -0.04062418
v -0.1471151 0.002650769 -0.02452592
v -0.1334986 4.881401E-09 -0.009921889
v -0.139729 0.00265076 -0.005123504
v -0.1209087 2.183725E-09 -0.004438448
v -0.1366393 -7.497037E-09 0.01536887
v -0.142056 -9.82274E-09 0.02013385
v -0.1413114 0.002650745 0.0243175
v -0.1332141 0.002650748 0.01719472
v -0.1513376 0.002650746 0.02135617
v -0.1355802 -4.126748E-09 0.008433165
v -0.1316311 0.002650754 0.006826702
v -0.1482114 -2.554433E-09 0.005150781
v -0.1418799 -1.421559E-09 0.002913365
v -0.1410481 0.002650757 -0.00142422
v -0.1505129 0.002650756 0.001920296
v -0.151795 -5.675366E-09 0.01160086
v -0.1558696 0.002650751 0.01156215
v -0.1487632 -8.891869E-09 0.01815289
vt 0.2229004 0.4748535
vt 0.2230225 0.4719238
vt 0.2229004 0.4699707
vt 0.9731445 0.4138184
vt 0.828125 0.5195313
vt 0.9731445 0.4169922
vt 0.9682617 0.4169922
vt 0.8237305 0.5195313
vt 0.9682617 0.4138184
vt 0.1259766 0.4829102
vt 0.1259766 0.4870605
vt 0.1259766 0.4875488
vt 0.1259766 0.4875488
vt 0.1259766 0.4870605
vt 0.1259766 0.4912109
vt 0.1259766 0.467041
vt 0.1259766 0.4711914
vt 0.1259766 0.4714355
vt 0.1259766 0.4714355
vt 0.1259766 0.4711914
vt 0.1259766 0.4753418
vt 0.2229004 0.4748535
vt 0.2229004 0.4699707
vt 0.2230225 0.4719238
vt 0.9731445 0.4138184
vt 0.9731445 0.4169922
vt 0.828125 0.5195313
vt 0.9682617 0.4169922
vt 0.9682617 0.4138184
vt 0.8237305 0.5195313
vt 0.1259766 0.4829102
vt 0.1259766 0.4875488
vt 0.1259766 0.4870605
vt 0.1259766 0.4875488
vt 0.1259766 0.4912109
vt 0.1259766 0.4870605
vt 0.1259766 0.467041
vt 0.1259766 0.4714355
vt 0.1259766 0.4711914
vt 0.1259766 0.4714355
vt 0.1259766 0.4753418
vt 0.1259766 0.4711914
vt 0.2271729 0.2556152
vt 0.2263184 0.6308594
vt 0.2271729 0.265625
vt 0.2271729 0.05328369
vt 0.2271729 0.05563354
vt 0.2271729 0.05328369
vt 0.2271729 0.2556152
vt 0.2263184 0.6308594
vt 0.4819336 0.5834961
vt 0.3127441 0.5849609
vt 0.4816895 0.597168
vt 0.4821777 0.5981445
vt 0.4824219 0.5849609
vt 0.2219238 0.4985352
vt 0.2229004 0.4699707
vt 0.2230225 0.4719238
vt 0.222168 0.5004883
vt 0.2219238 0.5024414
vt 0.2229004 0.4748535
vt 0.2209473 0.5214844
vt 0.2209473 0.5205078
vt 0.2208252 0.5200195
vt 0.2200928 0.5629883
vt 0.2219238 0.5024414
vt 0.2229004 0.4748535
vt 0.2229004 0.4699707
vt 0.2219238 0.4985352
vt 0.2209473 0.5214844
vt 0.2208252 0.5200195
vt 0.2200928 0.5629883
vt 0.1259766 0.5917969
vt 0.1259766 0.5830078
vt 0.1259766 0.5883789
vt 0.125 0.5766602
vt 0.1259766 0.5932617
vt 0.1259766 0.5957031
vt 0.1259766 0.612793
vt 0.1259766 0.5961914
vt 0.1259766 0.6142578
vt 0.1259766 0.6303711
vt 0.1259766 0.612793
vt 0.1259766 0.5957031
vt 0.1259766 0.5932617
vt 0.1259766 0.5917969
vt 0.1259766 0.6103516
vt 0.1259766 0.6293945
vt 0.1259766 0.6293945
vt 0.1259766 0.6103516
vt 0.125 0.5766602
vt 0.1259766 0.5830078
vt 0.1259766 0.5883789
vt 0.1258545 0.5991211
vt 0.1258545 0.6103516
vt 0.1258545 0.6225586
vt 0.1258545 0.5913086
vt 0.1258545 0.5981445
vt 0.1258545 0.5927734
vt 0.1258545 0.6088867
vt 0.1258545 0.621582
vt 0.1258545 0.6303711
vt 0.125 0.5708008
vt 0.125 0.5605469
vt 0.1258545 0.6503906
vt 0.1258545 0.6240234
vt 0.125 0.4958496
vt 0.1258545 0.6450195
vt 0.1258545 0.6679688
vt 0.1258545 0.6518555
vt 0.1258545 0.6503906
vt 0.1258545 0.6679688
vt 0.1258545 0.6713867
vt 0.1258545 0.7392578
vt 0.1258545 0.6303711
vt 0.1258545 0.6450195
vt 0.1258545 0.6225586
vt 0.1258545 0.6103516
vt 0.1258545 0.5991211
vt 0.1258545 0.621582
vt 0.1258545 0.6240234
vt 0.1258545 0.5927734
vt 0.1258545 0.6088867
vt 0.1258545 0.5981445
vt 0.1258545 0.5913086
vt 0.125 0.5708008
vt 0.125 0.5605469
vt 0.125 0.4958496
vt 0.125 0.5566406
vt 0.1258545 0.5986328
vt 0.125 0.4912109
vt 0.125 0.479248
vt 0.125 0.565918
vt 0.125 0.4394531
vt 0.125 0.498291
vt 0.125 0.4360352
vt 0.125 0.5717773
vt 0.1259766 0.5820313
vt 0.125 0.4394531
vt 0.125 0.3955078
vt 0.125 0.4912109
vt 0.125 0.5566406
vt 0.125 0.479248
vt 0.1258545 0.5986328
vt 0.125 0.565918
vt 0.125 0.4099121
vt 0.125 0.4020996
vt 0.125 0.4663086
vt 0.125 0.4020996
vt 0.125 0.376709
vt 0.125 0.3813477
vt 0.125 0.4099121
vt 0.125 0.3813477
vt 0.125 0.4663086
vt 0.125 0.3981934
vt 0.125 0.357666
vt 0.125 0.3625488
vt 0.125 0.3625488
vt 0.125 0.3654785
vt 0.125 0.3654785
vt 0.125 0.3981934
vt 0.125 0.3942871
vt 0.125 0.3723145
vt 0.125 0.4504395
vt 0.125 0.3942871
vt 0.125 0.3723145
vt 0.125 0.4504395
vt 0.125 0.3984375
vt 0.125 0.3752441
vt 0.125 0.4953613
vt 0.125 0.4587402
vt 0.125 0.4375
vt 0.124939 0.4577637
vt 0.124939 0.5039063
vt 0.125 0.4953613
vt 0.125 0.4587402
vt 0.124939 0.4023438
vt 0.125 0.3786621
vt 0.125 0.3798828
vt 0.124939 0.5302734
vt 0.1258545 0.581543
vt 0.124939 0.4709473
vt 0.125 0.4375
vt 0.124939 0.4750977
vt 0.124939 0.4025879
vt 0.124939 0.4577637
vt 0.124939 0.5039063
vt 0.125 0.3984375
vt 0.125 0.3752441
vt 0.124939 0.5302734
vt 0.1258545 0.581543
vt 0.124939 0.4709473
vt 0.124939 0.4023438
vt 0.125 0.3786621
vt 0.124939 0.4750977
vt 0.124939 0.5571289
vt 0.124939 0.4770508
vt 0.124939 0.559082
vt 0.1258545 0.5996094
vt 0.124939 0.5571289
vt 0.1258545 0.5981445
vt 0.1258545 0.5981445
vt 0.1258545 0.6000977
vt 0.1258545 0.5908203
vt 0.1258545 0.6000977
vt 0.1258545 0.5908203
vt 0.1258545 0.6308594
vt 0.1258545 0.6308594
vt 0.1258545 0.6298828
vt 0.1258545 0.6669922
vt 0.1258545 0.6044922
vt 0.1258545 0.5810547
vt 0.1258545 0.5732422
vt 0.1258545 0.5722656
vt 0.1258545 0.5654297
vt 0.1258545 0.5727539
vt 0.1258545 0.5810547
vt 0.1258545 0.5854492
vt 0.1258545 0.6005859
vt 0.1258545 0.628418
vt 0.1258545 0.621582
vt 0.1258545 0.5996094
vt 0.1258545 0.6186523
vt 0.1258545 0.6201172
vt 0.1258545 0.6645508
vt 0.1258545 0.6538086
vt 0.1258545 0.6416016
vt 0.1258545 0.5625
vt 0.1258545 0.597168
vt 0.1258545 0.6362305
vt 0.1258545 0.6489258
vt 0.1258545 0.6376953
vt 0.1258545 0.6772461
vt 0.1258545 0.6621094
vt 0.1258545 0.6586914
vt 0.1258545 0.6738281
vt 0.1258545 0.6455078
vt 0.1258545 0.6767578
vt 0.1258545 0.722168
vt 0.1258545 0.6977539
vt 0.1258545 0.71875
vt 0.1258545 0.706543
vt 0.1258545 0.6645508
vt 0.1258545 0.6977539
vt 0.1258545 0.722168
vt 0.1258545 0.6767578
vt 0.1258545 0.6772461
vt 0.1258545 0.6455078
vt 0.1258545 0.6586914
vt 0.1258545 0.6738281
vt 0.1258545 0.6621094
vt 0.1258545 0.6416016
vt 0.1258545 0.6489258
vt 0.1258545 0.5625
vt 0.1258545 0.6186523
vt 0.1258545 0.6201172
vt 0.1258545 0.597168
vt 0.1258545 0.6362305
vt 0.1258545 0.6376953
vt 0.1258545 0.6005859
vt 0.1258545 0.621582
vt 0.1258545 0.5996094
vt 0.1258545 0.5854492
vt 0.1258545 0.5810547
vt 0.1258545 0.5727539
vt 0.1258545 0.5722656
vt 0.1258545 0.5654297
vt 0.1258545 0.5732422
vt 0.1258545 0.5810547
vt 0.1258545 0.6044922
vt 0.1258545 0.628418
vt 0.1258545 0.6538086
vt 0.4702148 0.2770996
vt 0.3212891 0.3779297
vt 0.4709473 0.2770996
vt 0.3208008 0.3771973
vt 0.3205566 0.2890625
vt 0.4699707 0.2773438
vt 0.3203125 0.1784668
vt 0.3208008 0.3417969
vt 0.3208008 0.3771973
vt 0.4702148 0.2770996
vt 0.3203125 0.1784668
vt 0.3203125 0.1080933
vt 0.3212891 0.3779297
vt 0.4709473 0.2770996
vt 0.3205566 0.2890625
vt 0.3203125 0.1784668
vt 0.3203125 0.1080933
vt 0.3203125 0.1082153
vt 0.3205566 0.1177368
vt 0.3205566 0.1178589
vt 0.3205566 0.1178589
vt 0.4870605 0.0993042
vt 0.4790039 0.09912109
vt 0.4790039 0.09912109
vt 0.3200684 0.2236328
vt 0.4665527 0.2232666
vt 0.3054199 0.3835449
vt 0.4665527 0.2232666
vt 0.3974609 0.3842773
vt 0.4665527 0.3786621
vt 0.3974609 0.3842773
vt 0.4665527 0.3786621
vt 0.3757324 0.3859863
vt 0.4665527 0.3793945
vt 0.3757324 0.3859863
vt 0.4665527 0.3793945
vt 0.3781738 0.3864746
vt 0.4665527 0.3798828
vt 0.3781738 0.3864746
vt 0.4665527 0.3798828
vt 0.378418 0.3186035
vt 0.4667969 0.3125
vt 0.378418 0.3186035
vt 0.4667969 0.3125
vt 0.3693848 0.2924805
vt 0.4667969 0.2861328
vt 0.3693848 0.2924805
vt 0.4667969 0.2861328
vt 0.3679199 0.3195801
vt 0.467041 0.3127441
vt 0.3679199 0.3195801
vt 0.467041 0.3127441
vt 0.4377441 0.3481445
vt 0.4775391 0.3806152
vt 0.467041 0.3842773
vt 0.2883301 0.3945313
vt 0.3278809 0.3261719
vt 0.2893066 0.3972168
vt 0.3251953 0.2990723
vt 0.4672852 0.3867188
vt 0.2905273 0.3994141
vt 0.3220215 0.3256836
vt 0.3198242 0.3928223
vt 0.3188477 0.392334
vt 0.4672852 0.4077148
vt 0.3183594 0.3913574
vt 0.3183594 0.388916
vt 0.2988281 0.4199219
vt 0.3186035 0.3879395
vt 0.3183594 0.388916
vt 0.3183594 0.3913574
vt 0.3188477 0.392334
vt 0.3198242 0.3928223
vt 0.3220215 0.3256836
vt 0.3251953 0.2990723
vt 0.3278809 0.3261719
vt 0.2883301 0.3945313
vt 0.4377441 0.3481445
vt 0.4775391 0.3806152
vt 0.467041 0.3842773
vt 0.2893066 0.3972168
vt 0.4672852 0.3867188
vt 0.2905273 0.3994141
vt 0.4672852 0.4077148
vt 0.2988281 0.4199219
vt 0.3007813 0.4187012
vt 0.4372559 0.4191895
vt 0.4775391 0.4052734
vt 0.4672852 0.4328613
vt 0.3156738 0.4460449
vt 0.4672852 0.4641113
vt 0.3164063 0.4758301
vt 0.3156738 0.4460449
vt 0.4672852 0.4328613
vt 0.3007813 0.4187012
vt 0.4372559 0.4191895
vt 0.4775391 0.4052734
vt 0.7348633 0.6069336
vt 0.5654297 0.6069336
vt 0.7348633 0.5957031
vt 0.734375 0.5947266
vt 0.734375 0.6054688
vt 0.8535156 0.1602783
vt 0.8540039 0.1536865
vt 0.8535156 0.1676025
vt 0.8540039 0.1431885
vt 0.8549805 0.1470947
vt 0.8549805 0.1351318
vt 0.855957 0.1417236
vt 0.855957 0.1531982
vt 0.8569336 0.1542969
vt 0.8564453 0.1635742
vt 0.2261963 0.09906006
vt 0.2276611 0.1052856
vt 0.2263184 0.1009521
vt 0.2276611 0.1038818
vt 0.2285156 0.1119995
vt 0.2263184 0.1009521
vt 0.2277832 0.1040649
vt 0.2264404 0.09942627
vt 0.2276611 0.1052856
vt 0.2285156 0.1119995
vt 0.2264404 0.09942627
vt 0.2276611 0.1038818
vt 0.2261963 0.09906006
vt 0.2277832 0.1040649
vt 0.2285156 0.1119995
vt 0.404541 0.3603516
vt 0.404541 0.3703613
vt 0.404541 0.3664551
vt 0.404541 0.3752441
vt 0.404541 0.3796387
vt 0.3676758 0.1726074
vt 0.3554688 0.3823242
vt 0.4057617 0.3037109
vt 0.4580078 0.08087158
vt 0.4040527 0.01921082
vt 0.4040527 0.05984497
vt 0.4580078 0.2666016
vt 0.4040527 0.02244568
vt 0.4580078 0.078125
vt 0.4040527 0.05981445
vt 0.404541 0.01968384
vt 0.3676758 0.1724854
vt 0.402832 0.3928223
vt 0.4558105 0.217041
vt 0.4057617 0.3022461
vt 0.4580078 0.2668457
vt 0.404541 0.4689941
vt 0.404541 0.4790039
vt 0.4648438 0.21521
vt 0.4560547 0.2172852
vt 0.4030762 0.3928223
vt 0.3554688 0.3825684
vt 0.404541 0.3747559
vt 0.404541 0.3659668
vt 0.404541 0.369873
vt 0.404541 0.3598633
vt 0.96875 0.4089355
vt 0.8242188 0.5170898
vt 0.8256836 0.5136719
vt 0.9707031 0.4055176
vt 0.9707031 0.4055176
vt 0.8256836 0.5136719
vt 0.8271484 0.5166016
vt 0.972168 0.4089355
vt 0.972168 0.4089355
vt 0.8271484 0.5166016
vt 0.828125 0.5195313
vt 0.9731445 0.4138184
vt 0.9716797 0.4123535
vt 0.9731445 0.4169922
vt 0.828125 0.5195313
vt 0.8271484 0.5166016
vt 0.9716797 0.4123535
vt 0.8271484 0.5166016
vt 0.8256836 0.5136719
vt 0.9707031 0.409668
vt 0.9707031 0.409668
vt 0.8256836 0.5136719
vt 0.8242188 0.5170898
vt 0.9692383 0.4128418
vt 0.9692383 0.4128418
vt 0.8242188 0.5170898
vt 0.8237305 0.5195313
vt 0.9682617 0.4169922
vt 0.9682617 0.4138184
vt 0.8237305 0.5195313
vt 0.8242188 0.5170898
vt 0.96875 0.4089355
vt 0.3225098 0.8310547
vt 0.4555664 0.8305664
vt 0.4558105 0.815918
vt 0.3220215 0.8422852
vt 0.4555664 0.6435547
vt 0.3222656 0.6518555
vt 0.4555664 0.6435547
vt 0.4555664 0.8305664
vt 0.4558105 0.815918
vt 0.4555664 0.6435547
vt 0.3222656 0.6518555
vt 0.3232422 0.5136719
vt 0.456543 0.5327148
vt 0.4558105 0.815918
vt 0.4567871 0.578125
vt 0.3237305 0.5683594
vt 0.3225098 0.8310547
vt 0.3496094 0.7998047
vt 0.3491211 0.7851563
vt 0.3486328 0.8652344
vt 0.3496094 0.8300781
vt 0.3491211 0.637207
vt 0.3491211 0.7143555
vt 0.3486328 0.8652344
vt 0.3491211 0.7851563
vt 0.3505859 0.6420898
vt 0.3496094 0.7998047
vt 0.3496094 0.8300781
vt 0.3510742 0.6435547
vt 0.3500977 0.5258789
vt 0.3505859 0.5229492
vt 0.3491211 0.7143555
vt 0.3491211 0.637207
vt 0.3486328 0.7094727
vt 0.3505859 0.5546875
vt 0.3510742 0.5625
vt 0.3496094 0.6484375
vt 0.3505859 0.5341797
vt 0.3505859 0.5546875
vt 0.3486328 0.7094727
vt 0.3491211 0.5410156
vt 0.1259766 0.4829102
vt 0.1259766 0.4829102
vt 0.1259766 0.4875488
vt 0.1259766 0.4873047
vt 0.1259766 0.4875488
vt 0.1259766 0.4829102
vt 0.1259766 0.4916992
vt 0.1259766 0.4912109
vt 0.1259766 0.4912109
vt 0.1259766 0.4672852
vt 0.1259766 0.467041
vt 0.1259766 0.4714355
vt 0.1259766 0.4714355
vt 0.1259766 0.4714355
vt 0.1259766 0.467041
vt 0.1259766 0.4755859
vt 0.1259766 0.4753418
vt 0.1259766 0.4753418
vt 0.4570313 0.09240723
vt 0.4641113 0.09161377
vt 0.4228516 0.09143066
vt 0.4638672 0.08648682
vt 0.4226074 0.08319092
vt 0.463623 0.08312988
vt 0.4223633 0.07989502
vt 0.4221191 0.08215332
vt 0.4631348 0.08843994
vt 0.4348145 0.08734131
vt 0.4628906 0.08074951
vt 0.421875 0.08111572
vt 0.4216309 0.0758667
vt 0.4216309 0.07617188
vt 0.4628906 0.08050537
vt 0.4213867 0.07946777
vt 0.4213867 0.0692749
vt 0.4626465 0.07977295
vt 0.4213867 0.06512451
vt 0.4213867 0.0692749
vt 0.4628906 0.08050537
vt 0.4213867 0.07946777
vt 0.4216309 0.07617188
vt 0.4628906 0.08074951
vt 0.4216309 0.0758667
vt 0.421875 0.08111572
vt 0.4348145 0.08734131
vt 0.4631348 0.08843994
vt 0.4221191 0.08215332
vt 0.463623 0.08312988
vt 0.4223633 0.07989502
vt 0.4226074 0.08319092
vt 0.4638672 0.08648682
vt 0.4228516 0.09143066
vt 0.4641113 0.09161377
vt 0.4570313 0.09240723
vt 0.9736328 0.1860352
vt 0.8769531 0.1859131
vt 0.8769531 0.1882324
vt 0.8769531 0.2182617
vt 0.9736328 0.1992188
vt 0.8769531 0.1884766
vt 0.9165039 0.1865234
vt 0.9736328 0.1864014
vt 0.1809082 0.4938965
vt 0.1912842 0.4772949
vt 0.1912842 0.4904785
vt 0.1773682 0.4846191
vt 0.1988525 0.4858398
vt 0.1911621 0.4719238
vt 0.19104 0.4777832
vt 0.1809082 0.4958496
vt 0.1811523 0.4970703
vt 0.1809082 0.4899902
vt 0.1871338 0.5039063
vt 0.2399902 0.4960938
vt 0.2401123 0.4912109
vt 0.2399902 0.5092773
vt 0.2401123 0.4963379
vt 0.1905518 0.5083008
vt 0.2401123 0.5136719
vt 0.1816406 0.5014648
vt 0.2401123 0.5087891
vt 0.1741943 0.4890137
vt 0.1737061 0.5009766
vt 0.182251 0.4968262
vt 0.1787109 0.4956055
vt 0.182373 0.4929199
vt 0.19104 0.4897461
vt 0.4819336 0.5834961
vt 0.4816895 0.597168
vt 0.3127441 0.5849609
vt 0.4821777 0.5981445
vt 0.4824219 0.5849609
vt 0.2230225 0.4719238
vt 0.2229004 0.4699707
vt 0.2219238 0.4985352
vt 0.222168 0.5004883
vt 0.2219238 0.5024414
vt 0.2229004 0.4748535
vt 0.2209473 0.5214844
vt 0.2209473 0.5205078
vt 0.2208252 0.5200195
vt 0.2200928 0.5629883
vt 0.2229004 0.4699707
vt 0.2229004 0.4748535
vt 0.2219238 0.5024414
vt 0.2219238 0.4985352
vt 0.2209473 0.5214844
vt 0.2208252 0.5200195
vt 0.2200928 0.5629883
vt 0.7348633 0.6069336
vt 0.7348633 0.5957031
vt 0.5654297 0.6069336
vt 0.734375 0.5947266
vt 0.734375 0.6054688
vt 0.8535156 0.1602783
vt 0.8535156 0.1676025
vt 0.8540039 0.1536865
vt 0.8540039 0.1431885
vt 0.8549805 0.1470947
vt 0.8549805 0.1351318
vt 0.855957 0.1417236
vt 0.855957 0.1531982
vt 0.8569336 0.1542969
vt 0.8564453 0.1635742
vt 0.2261963 0.09906006
vt 0.2263184 0.1009521
vt 0.2276611 0.1052856
vt 0.2276611 0.1038818
vt 0.2285156 0.1119995
vt 0.2263184 0.1009521
vt 0.2264404 0.09942627
vt 0.2277832 0.1040649
vt 0.2276611 0.1052856
vt 0.2285156 0.1119995
vt 0.2264404 0.09942627
vt 0.2261963 0.09906006
vt 0.2276611 0.1038818
vt 0.2277832 0.1040649
vt 0.2285156 0.1119995
vt 0.404541 0.3603516
vt 0.404541 0.3664551
vt 0.404541 0.3703613
vt 0.404541 0.3752441
vt 0.404541 0.3796387
vt 0.3676758 0.1726074
vt 0.3554688 0.3823242
vt 0.4057617 0.3037109
vt 0.4580078 0.08087158
vt 0.4040527 0.01921082
vt 0.4040527 0.05984497
vt 0.4580078 0.2666016
vt 0.4040527 0.02244568
vt 0.4580078 0.078125
vt 0.4040527 0.05981445
vt 0.404541 0.01968384
vt 0.3676758 0.1724854
vt 0.402832 0.3928223
vt 0.4558105 0.217041
vt 0.4057617 0.3022461
vt 0.4580078 0.2668457
vt 0.404541 0.4689941
vt 0.404541 0.4790039
vt 0.4648438 0.21521
vt 0.4560547 0.2172852
vt 0.4030762 0.3928223
vt 0.3554688 0.3825684
vt 0.404541 0.3747559
vt 0.404541 0.3659668
vt 0.404541 0.369873
vt 0.404541 0.3598633
vt 0.96875 0.4089355
vt 0.9707031 0.4055176
vt 0.8256836 0.5136719
vt 0.8242188 0.5170898
vt 0.9707031 0.4055176
vt 0.972168 0.4089355
vt 0.8271484 0.5166016
vt 0.8256836 0.5136719
vt 0.972168 0.4089355
vt 0.9731445 0.4138184
vt 0.828125 0.5195313
vt 0.8271484 0.5166016
vt 0.828125 0.5195313
vt 0.9731445 0.4169922
vt 0.9716797 0.4123535
vt 0.8271484 0.5166016
vt 0.9716797 0.4123535
vt 0.9707031 0.409668
vt 0.8256836 0.5136719
vt 0.8271484 0.5166016
vt 0.9707031 0.409668
vt 0.9692383 0.4128418
vt 0.8242188 0.5170898
vt 0.8256836 0.5136719
vt 0.9692383 0.4128418
vt 0.9682617 0.4169922
vt 0.8237305 0.5195313
vt 0.8242188 0.5170898
vt 0.9682617 0.4138184
vt 0.96875 0.4089355
vt 0.8242188 0.5170898
vt 0.8237305 0.5195313
vt 0.3232422 0.5136719
vt 0.3222656 0.6518555
vt 0.4555664 0.6435547
vt 0.456543 0.5327148
vt 0.4558105 0.815918
vt 0.3225098 0.8310547
vt 0.3237305 0.5683594
vt 0.4567871 0.578125
vt 0.3486328 0.8652344
vt 0.3491211 0.7851563
vt 0.3496094 0.7998047
vt 0.3496094 0.8300781
vt 0.3491211 0.637207
vt 0.3491211 0.7851563
vt 0.3486328 0.8652344
vt 0.3491211 0.7143555
vt 0.3496094 0.8300781
vt 0.3496094 0.7998047
vt 0.3505859 0.6420898
vt 0.3510742 0.6435547
vt 0.3500977 0.5258789
vt 0.3491211 0.637207
vt 0.3491211 0.7143555
vt 0.3505859 0.5229492
vt 0.3486328 0.7094727
vt 0.3496094 0.6484375
vt 0.3510742 0.5625
vt 0.3505859 0.5546875
vt 0.3505859 0.5341797
vt 0.3491211 0.5410156
vt 0.3486328 0.7094727
vt 0.3505859 0.5546875
vt 0.8769531 0.1882324
vt 0.8769531 0.1859131
vt 0.9736328 0.1860352
vt 0.8769531 0.2182617
vt 0.9736328 0.1992188
vt 0.8769531 0.1884766
vt 0.9165039 0.1865234
vt 0.9736328 0.1864014
vt 0.1809082 0.4938965
vt 0.1912842 0.4904785
vt 0.1912842 0.4772949
vt 0.1773682 0.4846191
vt 0.1988525 0.4858398
vt 0.1911621 0.4719238
vt 0.19104 0.4777832
vt 0.1809082 0.4958496
vt 0.1811523 0.4970703
vt 0.1809082 0.4899902
vt 0.1871338 0.5039063
vt 0.2399902 0.4960938
vt 0.2401123 0.4912109
vt 0.2399902 0.5092773
vt 0.2401123 0.4963379
vt 0.1905518 0.5083008
vt 0.2401123 0.5136719
vt 0.1816406 0.5014648
vt 0.2401123 0.5087891
vt 0.1741943 0.4890137
vt 0.1737061 0.5009766
vt 0.182251 0.4968262
vt 0.1787109 0.4956055
vt 0.182373 0.4929199
vt 0.19104 0.4897461
vt 0.605957 0.6069336
vt 0.605957 0.5068359
vt 0.605957 0.5844727
vt 0.605957 0.7026367
vt 0.605957 0.550293
vt 0.605957 0.4870605
vt 0.605957 0.6816406
vt 0.605957 0.5825195
vt 0.605957 0.5688477
vt 0.605957 0.5053711
vt 0.605957 0.5639648
vt 0.605957 0.5922852
vt 0.605957 0.4191895
vt 0.605957 0.4006348
vt 0.605957 0.4477539
vt 0.605957 0.3913574
vt 0.605957 0.4265137
vt 0.605957 0.3898926
vt 0.605957 0.4196777
vt 0.605957 0.4265137
vt 0.605957 0.3898926
vt 0.605957 0.4997559
vt 0.605957 0.5068359
vt 0.605957 0.3913574
vt 0.605957 0.6069336
vt 0.605957 0.4567871
vt 0.605957 0.550293
vt 0.605957 0.4951172
vt 0.605957 0.6000977
vt 0.605957 0.6196289
vt 0.605957 0.5043945
vt 0.605957 0.5844727
vt 0.605957 0.4892578
vt 0.605957 0.7128906
vt 0.605957 0.7128906
vt 0.605957 0.5839844
vt 0.605957 0.6938477
vt 0.605957 0.5263672
vt 0.605957 0.5991211
vt 0.605957 0.6020508
vt 0.605957 0.5830078
vt 0.605957 0.5820313
vt 0.605957 0.4829102
vt 0.605957 0.5146484
vt 0.605957 0.5830078
vt 0.605957 0.5786133
vt 0.605957 0.4489746
vt 0.605957 0.4135742
vt 0.605957 0.4494629
vt 0.605957 0.4489746
vt 0.605957 0.4294434
vt 0.605957 0.4262695
vt 0.605957 0.4213867
vt 0.605957 0.3811035
vt 0.605957 0.4099121
vt 0.605957 0.4951172
vt 0.605957 0.4262695
vt 0.605957 0.4213867
vt 0.605957 0.5043945
vt 0.605957 0.4294434
vt 0.605957 0.4892578
vt 0.605957 0.4831543
vt 0.605957 0.652832
vt 0.605957 0.5698242
vt 0.605957 0.6591797
vt 0.605957 0.6743164
vt 0.605957 0.6264648
vt 0.605957 0.5415039
vt 0.605957 0.5859375
vt 0.605957 0.4460449
vt 0.605957 0.5771484
vt 0.605957 0.4912109
vt 0.605957 0.4873047
vt 0.605957 0.4912109
vt 0.605957 0.3864746
vt 0.605957 0.4460449
vt 0.605957 0.4873047
vt 0.05444336 0.6689453
vt 0.05944824 0.7729492
vt 0.05969238 0.6147461
vt 0.06030273 0.5805664
vt 0.05996704 0.6879883
vt 0.2144775 0.6738281
vt 0.2139893 0.59375
vt 0.05923462 0.7021484
vt 0.2128906 0.6064453
vt 0.05880737 0.7880859
vt 0.05496216 0.6967773
vt 0.05819702 0.7094727
vt 0.211792 0.6113281
vt 0.05178833 0.6875
vt 0.05130005 0.6772461
vt 0.05545044 0.7133789
vt 0.05776978 0.7958984
vt 0.05734253 0.7104492
vt 0.05651855 0.7973633
vt 0.0569458 0.7016602
vt 0.2114258 0.5878906
vt 0.05575562 0.7026367
vt 0.05664063 0.6767578
vt 0.2119141 0.5693359
vt 0.05368042 0.7060547
vt 0.05349731 0.6347656
vt 0.0569458 0.6547852
vt 0.2127686 0.6489258
vt 0.05764771 0.5087891
vt 0.05523682 0.578125
vt 0.05200195 0.6064453
vt 0.05181885 0.5693359
vt 0.05545044 0.5585938
vt 0.05615234 0.4973145
vt 0.9604492 0.5693359
vt 0.9604492 0.5942383
vt 0.8457031 0.5605469
vt 0.9604492 0.5380859
vt 0.9604492 0.5024414
vt 0.9604492 0.5288086
vt 0.9604492 0.628418
vt 0.9604492 0.5786133
vt 0.8964844 0.6030273
vt 0.9604492 0.6416016
vt 0.6254883 0.6220703
vt 0.7280273 0.5708008
vt 0.7280273 0.5678711
vt 0.7280273 0.574707
vt 0.7280273 0.5673828
vt 0.7226563 0.6210938
vt 0.7280273 0.5678711
vt 0.7280273 0.574707
vt 0.7280273 0.5708008
vt 0.4570313 0.7670898
vt 0.4567871 0.7651367
vt 0.4296875 0.7602539
vt 0.456543 0.8041992
vt 0.3754883 0.7924805
vt 0.3847656 0.7871094
vt 0.4570313 0.7978516
vt 0.3828125 0.8203125
vt 0.4570313 0.859375
vt 0.2834473 0.75
vt 0.3771973 0.7563477
vt 0.4567871 0.7583008
vt 0.4489746 0.8056641
vt 0.2817383 0.8300781
vt 0.4589844 0.8291016
vt 0.2817383 0.8300781
vt 0.4589844 0.8256836
vt 0.4592285 0.8300781
vt 0.2814941 0.7924805
vt 0.2817383 0.7915039
vt 0.2817383 0.8261719
vt 0.2819824 0.8256836
vt 0.2819824 0.8066406
vt 0.2817383 0.8300781
vt 0.4589844 0.8256836
vt 0.4589844 0.8291016
vt 0.2817383 0.8261719
vt 0.2817383 0.8300781
vt 0.4489746 0.8056641
vt 0.3815918 0.7929688
vt 0.3449707 0.8354492
vt 0.456543 0.8491211
vt 0.28125 0.7924805
vt 0.3171387 0.8530273
vt 0.4567871 0.8598633
vt 0.3125 0.7578125
vt 0.4538574 0.8447266
vt 0.28125 0.8330078
vt 0.4555664 0.8408203
vt 0.4555664 0.8310547
vt 0.28125 0.6816406
vt 0.4555664 0.6826172
vt 0.4558105 0.8295898
vt 0.28125 0.8452148
vt 0.4558105 0.8198242
vt 0.4558105 0.8295898
vt 0.4558105 0.7949219
vt 0.28125 0.7827148
vt 0.4558105 0.7753906
vt 0.2814941 0.7807617
vt 0.3146973 0.7773438
vt 0.4558105 0.7685547
vt 0.2814941 0.7773438
vt 0.4558105 0.7651367
vt 0.4558105 0.7680664
vt 0.4558105 0.7739258
vt 0.2817383 0.7802734
vt 0.2817383 0.7724609
vt 0.4558105 0.7661133
vt 0.4558105 0.7612305
vt 0.4558105 0.7607422
vt 0.4558105 0.7744141
vt 0.2819824 0.8066406
vt 0.2819824 0.7802734
vt 0.4558105 0.7568359
vt 0.4558105 0.7504883
vt 0.4558105 0.7568359
vt 0.4558105 0.7744141
vt 0.2819824 0.8066406
vt 0.2817383 0.7724609
vt 0.4558105 0.7607422
vt 0.4558105 0.7612305
vt 0.4558105 0.7661133
vt 0.4558105 0.7739258
vt 0.2817383 0.7802734
vt 0.2817383 0.7915039
vt 0.2814941 0.7773438
vt 0.4558105 0.7680664
vt 0.4558105 0.7651367
vt 0.4558105 0.7685547
vt 0.2814941 0.7807617
vt 0.3146973 0.7773438
vt 0.4558105 0.7753906
vt 0.28125 0.7827148
vt 0.4558105 0.7949219
vt 0.28125 0.8452148
vt 0.4558105 0.8295898
vt 0.4558105 0.8198242
vt 0.4558105 0.8295898
vt 0.28125 0.7924805
vt 0.28125 0.6816406
vt 0.3449707 0.8354492
vt 0.4555664 0.6826172
vt 0.4555664 0.8310547
vt 0.28125 0.8330078
vt 0.4555664 0.8408203
vt 0.4538574 0.8447266
vt 0.3171387 0.8530273
vt 0.2814941 0.7924805
vt 0.3815918 0.7929688
vt 0.3754883 0.7924805
vt 0.4296875 0.7602539
vt 0.456543 0.8041992
vt 0.456543 0.8491211
vt 0.4567871 0.7651367
vt 0.4567871 0.8598633
vt 0.3125 0.7578125
vt 0.4567871 0.7583008
vt 0.4570313 0.7670898
vt 0.3847656 0.7871094
vt 0.4570313 0.7978516
vt 0.3828125 0.8203125
vt 0.2834473 0.75
vt 0.4570313 0.859375
vt 0.3771973 0.7563477
vt 0.2678223 0.378418
vt 0.4624023 0.2008057
vt 0.4641113 0.3779297
vt 0.4633789 0.1990967
vt 0.4650879 0.3666992
vt 0.4624023 0.2008057
vt 0.4641113 0.3779297
vt 0.4650879 0.3666992
vt 0.4655762 0.3227539
vt 0.4655762 0.3227539
vt 0.4521484 0.3024902
vt 0.4633789 0.02622986
vt 0.855957 0.1915283
vt 0.8549805 0.2044678
vt 0.8549805 0.1767578
vt 0.8544922 0.1925049
vt 0.855957 0.1763916
vt 0.8564453 0.1756592
vt 0.855957 0.15979
vt 0.8549805 0.15271
vt 0.8540039 0.1600342
vt 0.8540039 0.1774902
vt 0.8540039 0.178833
vt 0.6518555 0.5380859
vt 0.7070313 0.5766602
vt 0.7070313 0.5419922
vt 0.7070313 0.5341797
vt 0.6518555 0.4833984
vt 0.6518555 0.4685059
vt 0.7075195 0.519043
vt 0.7075195 0.5356445
vt 0.6523438 0.4846191
vt 0.7075195 0.550293
vt 0.6523438 0.527832
vt 0.7075195 0.5800781
vt 0.6523438 0.527832
vt 0.6523438 0.527832
vt 0.7075195 0.550293
vt 0.6523438 0.4846191
vt 0.7075195 0.5356445
vt 0.6518555 0.4685059
vt 0.7075195 0.519043
vt 0.7070313 0.5341797
vt 0.6518555 0.4833984
vt 0.6518555 0.5380859
vt 0.7070313 0.5419922
vt 0.7050781 0.4851074
vt 0.6518555 0.5727539
vt 0.7050781 0.4838867
vt 0.7050781 0.4851074
vt 0.8271484 0.5268555
vt 0.972168 0.4221191
vt 0.9716797 0.4162598
vt 0.972168 0.427002
vt 0.8266602 0.5229492
vt 0.8256836 0.5253906
vt 0.9707031 0.4125977
vt 0.8256836 0.5205078
vt 0.9692383 0.4162598
vt 0.8266602 0.5302734
vt 0.8256836 0.53125
vt 0.9707031 0.4272461
vt 0.8251953 0.5302734
vt 0.9692383 0.427002
vt 0.824707 0.5268555
vt 0.96875 0.4221191
vt 0.8251953 0.5229492
vt 0.2055664 0.4377441
vt 0.2288818 0.4509277
vt 0.2248535 0.4440918
vt 0.2310791 0.4411621
vt 0.2045898 0.4372559
vt 0.2210693 0.4482422
vt 0.1704102 0.4475098
vt 0.2194824 0.454834
vt 0.2172852 0.4350586
vt 0.2320557 0.4406738
vt 0.1361084 0.4143066
vt 0.1297607 0.4770508
vt 0.2178955 0.4558105
vt 0.1291504 0.4165039
vt 0.2174072 0.4592285
vt 0.1745605 0.4499512
vt 0.2174072 0.4665527
vt 0.1328125 0.3747559
vt 0.1583252 0.4143066
vt 0.1307373 0.409668
vt 0.1665039 0.4902344
vt 0.2175293 0.4697266
vt 0.2174072 0.4665527
vt 0.1745605 0.4499512
vt 0.2174072 0.4592285
vt 0.1291504 0.4165039
vt 0.2178955 0.4558105
vt 0.1224976 0.4885254
vt 0.1297607 0.4770508
vt 0.2194824 0.454834
vt 0.1704102 0.4475098
vt 0.2210693 0.4482422
vt 0.2045898 0.4372559
vt 0.2248535 0.4440918
vt 0.2055664 0.4377441
vt 0.2288818 0.4509277
vt 0.2310791 0.4411621
vt 0.1361084 0.4143066
vt 0.1328125 0.3747559
vt 0.2172852 0.4350586
vt 0.2320557 0.4406738
vt 0.1307373 0.409668
vt 0.1583252 0.4143066
vt 0.1722412 0.3242188
vt 0.1601563 0.4133301
vt 0.1392822 0.3793945
vt 0.1359863 0.3813477
vt 0.1702881 0.315918
vt 0.1390381 0.3127441
vt 0.2324219 0.4396973
vt 0.140625 0.4020996
vt 0.1790771 0.3347168
vt 0.1408691 0.3779297
vt 0.1702881 0.315918
vt 0.1390381 0.3127441
vt 0.1722412 0.3242188
vt 0.1601563 0.4133301
vt 0.1391602 0.295166
vt 0.1390381 0.376709
vt 0.140625 0.4020996
vt 0.1392822 0.3793945
vt 0.1408691 0.3779297
vt 0.1390381 0.376709
vt 0.1359863 0.3813477
vt 0.1357422 0.3637695
vt 0.1330566 0.3818359
vt 0.138916 0.3654785
vt 0.135498 0.3549805
vt 0.1315918 0.3525391
vt 0.1330566 0.3662109
vt 0.1322021 0.3808594
vt 0.130249 0.3476563
vt 0.1403809 0.3950195
vt 0.1401367 0.4084473
vt 0.1387939 0.3623047
vt 0.1386719 0.3786621
vt 0.1384277 0.3691406
vt 0.1330566 0.3786621
vt 0.1326904 0.3132324
vt 0.1303711 0.3647461
vt 0.1311035 0.347168
vt 0.1356201 0.3586426
vt 0.135498 0.3498535
vt 0.1385498 0.3754883
vt 0.1384277 0.3666992
vt 0.1359863 0.3764648
vt 0.1330566 0.3632813
vt 0.1358643 0.3110352
vt 0.1325684 0.3649902
vt 0.1329346 0.2976074
vt 0.1358643 0.2946777
vt 0.1358643 0.3110352
vt 0.1329346 0.3261719
vt 0.1328125 0.3283691
vt 0.1326904 0.3132324
vt 0.1359863 0.3764648
vt 0.1328125 0.3459473
vt 0.1328125 0.3476563
vt 0.130249 0.3476563
vt 0.1352539 0.3388672
vt 0.1352539 0.3430176
vt 0.1351318 0.3232422
vt 0.1378174 0.3242188
vt 0.1329346 0.324707
vt 0.1351318 0.326416
vt 0.1378174 0.3261719
vt 0.1329346 0.3261719
vt 0.1348877 0.2990723
vt 0.1375732 0.2995605
vt 0.138916 0.300293
vt 0.1391602 0.3259277
vt 0.1397705 0.3876953
vt 0.1375732 0.2995605
vt 0.1348877 0.2990723
vt 0.1333008 0.2995605
vt 0.1375732 0.3525391
vt 0.1375732 0.3525391
vt 0.1333008 0.2995605
vt 0.1350098 0.3522949
vt 0.1386719 0.3525391
vt 0.1350098 0.3522949
vt 0.1335449 0.3525391
vt 0.1335449 0.3525391
vt 0.1339111 0.1916504
vt 0.1375732 0.1916504
vt 0.1375732 0.1916504
vt 0.1339111 0.1916504
vt 0.1351318 0.1916504
vt 0.1385498 0.1916504
vt 0.1352539 0.1916504
vt 0.7099609 0.7250977
vt 0.7099609 0.7255859
vt 0.7089844 0.7207031
vt 0.7104492 0.7202148
vt 0.7089844 0.7207031
vt 0.7104492 0.7202148
vt 0.7089844 0.7075195
vt 0.7104492 0.7075195
vt 0.7089844 0.7055664
vt 0.7104492 0.7055664
vt 0.7099609 0.7026367
vt 0.7099609 0.6992188
vt 0.6049805 0.5947266
vt 0.6049805 0.5527344
vt 0.6049805 0.6010742
vt 0.6049805 0.5610352
vt 0.6049805 0.5268555
vt 0.6049805 0.4899902
vt 0.6049805 0.5444336
vt 0.6049805 0.6201172
vt 0.6049805 0.6503906
vt 0.6049805 0.6313477
vt 0.6049805 0.6674805
vt 0.6049805 0.6210938
vt 0.6049805 0.5961914
vt 0.6049805 0.5527344
vt 0.6049805 0.5268555
vt 0.6049805 0.5610352
vt 0.6049805 0.5444336
vt 0.6049805 0.6015625
vt 0.7006836 0.8120117
vt 0.7006836 0.8110352
vt 0.6201172 0.9077148
vt 0.7006836 0.8115234
vt 0.7006836 0.8125
vt 0.7006836 0.8134766
vt 0.6201172 0.9091797
vt 0.7006836 0.8129883
vt 0.7006836 0.815918
vt 0.7006836 0.8139648
vt 0.6201172 0.9101563
vt 0.7006836 0.8139648
vt 0.7006836 0.8144531
vt 0.7006836 0.8164063
vt 0.6201172 0.9121094
vt 0.7006836 0.8164063
vt 0.6005859 0.8789063
vt 0.703125 0.7949219
vt 0.703125 0.7939453
vt 0.703125 0.7944336
vt 0.703125 0.7949219
vt 0.703125 0.7958984
vt 0.6005859 0.8793945
vt 0.703125 0.7954102
vt 0.6005859 0.8852539
vt 0.703125 0.7983398
vt 0.703125 0.7988281
vt 0.703125 0.800293
vt 0.703125 0.8007813
vt 0.6005859 0.8847656
vt 0.703125 0.7993164
vt 0.703125 0.800293
vt 0.6005859 0.8828125
vt 0.703125 0.7958984
vt 0.703125 0.7973633
vt 0.703125 0.7983398
vt 0.703125 0.7988281
vt 0.6005859 0.8818359
vt 0.703125 0.7958984
vt 0.703125 0.796875
vt 0.6005859 0.8789063
vt 0.703125 0.7958984
vt 0.703125 0.7949219
vt 0.703125 0.7944336
vt 0.703125 0.7939453
vt 0.703125 0.7944336
vt 0.6005859 0.8793945
vt 0.703125 0.7954102
vt 0.6005859 0.8828125
vt 0.703125 0.7973633
vt 0.703125 0.7958984
vt 0.703125 0.7983398
vt 0.703125 0.7993164
vt 0.6005859 0.8818359
vt 0.703125 0.7963867
vt 0.703125 0.796875
vt 0.703125 0.7983398
vt 0.6005859 0.8852539
vt 0.703125 0.7988281
vt 0.703125 0.800293
vt 0.703125 0.8007813
vt 0.6005859 0.8847656
vt 0.703125 0.7993164
vt 0.703125 0.800293
vt 0.05444336 0.6689453
vt 0.05969238 0.6147461
vt 0.05944824 0.7729492
vt 0.06030273 0.5805664
vt 0.05996704 0.6879883
vt 0.2144775 0.6738281
vt 0.2139893 0.59375
vt 0.05923462 0.7021484
vt 0.2128906 0.6064453
vt 0.05880737 0.7880859
vt 0.05496216 0.6967773
vt 0.05819702 0.7094727
vt 0.211792 0.6113281
vt 0.05178833 0.6875
vt 0.05130005 0.6772461
vt 0.05545044 0.7133789
vt 0.05776978 0.7958984
vt 0.05734253 0.7104492
vt 0.05651855 0.7973633
vt 0.0569458 0.7016602
vt 0.2114258 0.5878906
vt 0.05575562 0.7026367
vt 0.05664063 0.6767578
vt 0.2119141 0.5693359
vt 0.05368042 0.7060547
vt 0.05349731 0.6347656
vt 0.0569458 0.6547852
vt 0.2127686 0.6489258
vt 0.05764771 0.5087891
vt 0.05523682 0.578125
vt 0.05200195 0.6064453
vt 0.05181885 0.5693359
vt 0.05545044 0.5585938
vt 0.05615234 0.4973145
vt 0.8457031 0.5605469
vt 0.9604492 0.5942383
vt 0.9604492 0.5693359
vt 0.9604492 0.5380859
vt 0.9604492 0.5024414
vt 0.9604492 0.5288086
vt 0.9604492 0.628418
vt 0.9604492 0.5786133
vt 0.8964844 0.6030273
vt 0.9604492 0.6416016
vt 0.855957 0.1915283
vt 0.8549805 0.1767578
vt 0.8549805 0.2044678
vt 0.8544922 0.1925049
vt 0.855957 0.1763916
vt 0.8564453 0.1756592
vt 0.855957 0.15979
vt 0.8549805 0.15271
vt 0.8540039 0.1600342
vt 0.8540039 0.1774902
vt 0.8540039 0.178833
vt 0.8271484 0.5268555
vt 0.9716797 0.4162598
vt 0.972168 0.4221191
vt 0.972168 0.427002
vt 0.8266602 0.5229492
vt 0.8256836 0.5253906
vt 0.9707031 0.4125977
vt 0.8256836 0.5205078
vt 0.9692383 0.4162598
vt 0.8266602 0.5302734
vt 0.8256836 0.53125
vt 0.9707031 0.4272461
vt 0.8251953 0.5302734
vt 0.9692383 0.427002
vt 0.824707 0.5268555
vt 0.96875 0.4221191
vt 0.8251953 0.5229492
vt 0.7089844 0.7207031
vt 0.7099609 0.7255859
vt 0.7099609 0.7250977
vt 0.7104492 0.7202148
vt 0.7089844 0.7207031
vt 0.7104492 0.7202148
vt 0.7089844 0.7075195
vt 0.7104492 0.7075195
vt 0.7089844 0.7055664
vt 0.7104492 0.7055664
vt 0.7099609 0.7026367
vt 0.7099609 0.6992188
vt 0.6049805 0.5947266
vt 0.6049805 0.6010742
vt 0.6049805 0.5527344
vt 0.6049805 0.5610352
vt 0.6049805 0.5268555
vt 0.6049805 0.4899902
vt 0.6049805 0.5444336
vt 0.6049805 0.6313477
vt 0.6049805 0.6503906
vt 0.6049805 0.6201172
vt 0.6049805 0.6674805
vt 0.6049805 0.6210938
vt 0.6049805 0.5961914
vt 0.6049805 0.5268555
vt 0.6049805 0.5527344
vt 0.6049805 0.5444336
vt 0.6049805 0.5610352
vt 0.6049805 0.6015625
vt 0.6201172 0.9077148
vt 0.7006836 0.8110352
vt 0.7006836 0.8120117
vt 0.7006836 0.8115234
vt 0.7006836 0.8125
vt 0.7006836 0.8134766
vt 0.6201172 0.9091797
vt 0.7006836 0.8129883
vt 0.6201172 0.9101563
vt 0.7006836 0.8139648
vt 0.7006836 0.815918
vt 0.7006836 0.8139648
vt 0.7006836 0.8144531
vt 0.7006836 0.8164063
vt 0.6201172 0.9121094
vt 0.7006836 0.8164063
vt 0.6005859 0.8789063
vt 0.703125 0.7939453
vt 0.703125 0.7949219
vt 0.703125 0.7944336
vt 0.703125 0.7949219
vt 0.703125 0.7958984
vt 0.6005859 0.8793945
vt 0.703125 0.7954102
vt 0.6005859 0.8852539
vt 0.703125 0.7988281
vt 0.703125 0.7983398
vt 0.703125 0.800293
vt 0.703125 0.8007813
vt 0.6005859 0.8847656
vt 0.703125 0.7993164
vt 0.703125 0.800293
vt 0.6005859 0.8828125
vt 0.703125 0.7973633
vt 0.703125 0.7958984
vt 0.703125 0.7983398
vt 0.703125 0.7988281
vt 0.6005859 0.8818359
vt 0.703125 0.7958984
vt 0.703125 0.796875
vt 0.6005859 0.8789063
vt 0.703125 0.7949219
vt 0.703125 0.7958984
vt 0.703125 0.7944336
vt 0.703125 0.7939453
vt 0.703125 0.7944336
vt 0.6005859 0.8793945
vt 0.703125 0.7954102
vt 0.703125 0.7958984
vt 0.703125 0.7973633
vt 0.6005859 0.8828125
vt 0.703125 0.7983398
vt 0.703125 0.7993164
vt 0.6005859 0.8818359
vt 0.703125 0.7963867
vt 0.703125 0.796875
vt 0.6005859 0.8852539
vt 0.703125 0.7983398
vt 0.703125 0.7988281
vt 0.703125 0.800293
vt 0.703125 0.8007813
vt 0.6005859 0.8847656
vt 0.703125 0.7993164
vt 0.703125 0.800293
vt 0.605957 0.4326172
vt 0.605957 0.4001465
vt 0.605957 0.4208984
vt 0.605957 0.4074707
vt 0.605957 0.449707
vt 0.605957 0.550293
vt 0.605957 0.6132813
vt 0.605957 0.5532227
vt 0.605957 0.4414063
vt 0.605957 0.4272461
vt 0.605957 0.5297852
vt 0.605957 0.4445801
vt 0.605957 0.5737305
vt 0.605957 0.6767578
vt 0.605957 0.5273438
vt 0.605957 0.5107422
vt 0.605957 0.5205078
vt 0.605957 0.706543
vt 0.605957 0.5268555
vt 0.605957 0.5913086
vt 0.605957 0.6162109
vt 0.6098633 0.04650879
vt 0.6088867 0.102478
vt 0.6088867 0.04602051
vt 0.6083984 0.04647827
vt 0.6103516 0.1031494
vt 0.6088867 0.09777832
vt 0.6098633 0.0475769
vt 0.6079102 0.1030884
vt 0.6083984 0.04760742
vt 0.6079102 0.1601563
vt 0.6088867 0.04800415
vt 0.6088867 0.2034912
vt 0.6103516 0.1601563
vt 0.6079102 0.0982666
vt 0.6103516 0.09832764
vt 0.6103516 0.1550293
vt 0.6079102 0.1550293
vt 0.6088867 0.1553955
vt 0.6103516 0.1578369
vt 0.6083984 0.1578369
vt 0.6079102 0.0758667
vt 0.6103516 0.07592773
vt 0.6088867 0.1582031
vt 0.6088867 0.07550049
vt 0.6103516 0.1790771
vt 0.6079102 0.0970459
vt 0.6103516 0.09710693
vt 0.6079102 0.1790771
vt 0.6088867 0.09674072
vt 0.6098633 0.09606934
vt 0.6088867 0.1794434
vt 0.6083984 0.09606934
vt 0.6098633 0.1779785
vt 0.6083984 0.1779785
vt 0.6088867 0.09570313
vt 0.6088867 0.151123
vt 0.6088867 0.1782227
vt 0.609375 0.1513672
vt 0.6088867 0.1513672
vt 0.609375 0.1519775
vt 0.6088867 0.1519775
vt 0.6088867 0.1519775
vt 0.6098633 0.04650879
vt 0.6088867 0.04602051
vt 0.6088867 0.102478
vt 0.6083984 0.04647827
vt 0.6103516 0.1031494
vt 0.6088867 0.09777832
vt 0.6098633 0.0475769
vt 0.6079102 0.1030884
vt 0.6083984 0.04760742
vt 0.6079102 0.1601563
vt 0.6088867 0.04800415
vt 0.6088867 0.2034912
vt 0.6103516 0.1601563
vt 0.6079102 0.0982666
vt 0.6103516 0.09832764
vt 0.6103516 0.1550293
vt 0.6079102 0.1550293
vt 0.6088867 0.1553955
vt 0.6103516 0.1578369
vt 0.6083984 0.1578369
vt 0.6079102 0.0758667
vt 0.6103516 0.07592773
vt 0.6088867 0.1582031
vt 0.6088867 0.07550049
vt 0.6103516 0.1790771
vt 0.6079102 0.0970459
vt 0.6103516 0.09710693
vt 0.6079102 0.1790771
vt 0.6088867 0.09674072
vt 0.6098633 0.09606934
vt 0.6088867 0.1794434
vt 0.6083984 0.09606934
vt 0.6098633 0.1779785
vt 0.6083984 0.1779785
vt 0.6088867 0.09570313
vt 0.6088867 0.151123
vt 0.6088867 0.1782227
vt 0.609375 0.1513672
vt 0.6088867 0.1513672
vt 0.609375 0.1519775
vt 0.6088867 0.1519775
vt 0.6088867 0.1519775
vt 0.6054688 0.4294434
vt 0.6054688 0.4291992
vt 0.6054688 0.5263672
vt 0.6054688 0.4255371
vt 0.6054688 0.534668
vt 0.6054688 0.4570313
vt 0.6054688 0.5356445
vt 0.6054688 0.5327148
vt 0.6054688 0.5146484
vt 0.6054688 0.4267578
vt 0.6054688 0.434082
vt 0.6054688 0.4506836
vt 0.6054688 0.4370117
vt 0.6054688 0.5307617
vt 0.6054688 0.454834
vt 0.6054688 0.5297852
vt 0.1270752 0.3876953
vt 0.1274414 0.354248
vt 0.1226196 0.354248
vt 0.1225586 0.3879395
vt 0.1270752 0.3876953
vt 0.1315918 0.3525391
vt 0.1225586 0.3879395
vt 0.1225586 0.4492188
vt 0.116394 0.4875488
vt 0.1225586 0.4492188
vt 0.116394 0.4487305
vt 0.116394 0.4487305
vt 0.1330566 0.3786621
vt 0.116394 0.3879395
vt 0.116394 0.3879395
vt 0.1356201 0.3586426
vt 0.116394 0.3544922
vt 0.1109009 0.3544922
vt 0.1109009 0.3879395
vt 0.1109009 0.3879395
vt 0.1387939 0.3623047
vt 0.135498 0.3498535
vt 0.1330566 0.3632813
vt 0.1109009 0.4489746
vt 0.1109009 0.4489746
vt 0.1055298 0.3544922
vt 0.1322021 0.3808594
vt 0.1109009 0.487793
vt 0.1055298 0.3879395
vt 0.1055298 0.3879395
vt 0.1330566 0.3818359
vt 0.1357422 0.3637695
vt 0.1330566 0.3662109
vt 0.135498 0.3549805
vt 0.138916 0.3654785
vt 0.1325684 0.3649902
vt 0.1328125 0.3283691
vt 0.1329346 0.3261719
vt 0.1328125 0.3459473
vt 0.1403809 0.3950195
vt 0.1401367 0.4084473
vt 0.1328125 0.3476563
vt 0.1385498 0.3754883
vt 0.1384277 0.3666992
vt 0.1386719 0.3786621
vt 0.1384277 0.3691406
vt 0.1352539 0.3388672
vt 0.1352539 0.3430176
vt 0.1397705 0.3876953
vt 0.1391602 0.3259277
vt 0.1378174 0.3242188
vt 0.138916 0.300293
vt 0.1378174 0.3261719
vt 0.1351318 0.3232422
vt 0.1351318 0.326416
vt 0.1329346 0.324707
vt 0.1375732 0.2995605
vt 0.1348877 0.2990723
vt 0.1329346 0.3261719
vt 0.1375732 0.2995605
vt 0.1348877 0.2990723
vt 0.1333008 0.2995605
vt 0.1375732 0.3525391
vt 0.1375732 0.3525391
vt 0.1333008 0.2995605
vt 0.1350098 0.3522949
vt 0.1386719 0.3525391
vt 0.1350098 0.3522949
vt 0.1335449 0.3525391
vt 0.1335449 0.3525391
vt 0.1339111 0.1916504
vt 0.1375732 0.1916504
vt 0.1375732 0.1916504
vt 0.1339111 0.1916504
vt 0.1351318 0.1916504
vt 0.1385498 0.1916504
vt 0.1352539 0.1916504
vt 0.1055298 0.4492188
vt 0.1055298 0.4880371
vt 0.1055298 0.4492188
vt 0.1009521 0.3879395
vt 0.1009521 0.449707
vt 0.1009521 0.3544922
vt 0.1009521 0.3879395
vt 0.1009521 0.449707
vt 0.09851074 0.3557129
vt 0.1009521 0.4882813
vt 0.09851074 0.3886719
vt 0.09851074 0.3886719
vt 0.09851074 0.4487305
vt 0.09753418 0.4401855
vt 0.09851074 0.4487305
vt 0.09851074 0.4855957
vt 0.1571045 0.7641602
vt 0.2174072 0.4467773
vt 0.2172852 0.4467773
vt 0.1571045 0.7641602
vt 0.2172852 0.4467773
vt 0.1572266 0.7641602
vt 0.2174072 0.4467773
vt 0.1571045 0.7641602
vt 0.1572266 0.7641602
vt 0.2174072 0.4467773
vt 0.2174072 0.4467773
vt 0.1571045 0.7641602
vt 0.2172852 0.4467773
vt 0.1571045 0.7641602
vt 0.1572266 0.7641602
vt 0.2175293 0.4467773
vt 0.2174072 0.4467773
vt 0.1572266 0.7641602
vt 0.2174072 0.4467773
vt 0.1572266 0.7641602
vt 0.2175293 0.4467773
vt 0.1572266 0.7641602
vt 0.1572266 0.7641602
vt 0.2175293 0.4467773
vt 0.2174072 0.4467773
vt 0.1572266 0.7641602
vt 0.2174072 0.4467773
vt 0.1572266 0.7641602
vt 0.1574707 0.7641602
vt 0.2176514 0.4467773
vt 0.2175293 0.4467773
vt 0.1573486 0.7641602
vt 0.2175293 0.4467773
vt 0.1574707 0.7641602
vt 0.2177734 0.4467773
vt 0.1574707 0.7641602
vt 0.1574707 0.7641602
vt 0.2177734 0.4467773
vt 0.2176514 0.4467773
vt 0.1573486 0.7641602
vt 0.2175293 0.4467773
vt 0.1573486 0.7641602
vt 0.1572266 0.7641602
vt 0.2174072 0.4467773
vt 0.2174072 0.4467773
vt 0.1572266 0.7641602
vt 0.2174072 0.4467773
vt 0.1572266 0.7641602
vt 0.2175293 0.4467773
vt 0.1572266 0.7641602
vt 0.1572266 0.7641602
vt 0.2175293 0.4467773
vt 0.2175293 0.4467773
vt 0.1572266 0.7641602
vt 0.2174072 0.4467773
vt 0.1572266 0.7641602
vt 0.1571045 0.7641602
vt 0.1571045 0.7641602
vt 0.2172852 0.4467773
vt 0.2174072 0.4467773
vt 0.2172852 0.4467773
vt 0.1572266 0.7641602
vt 0.2174072 0.4467773
vt 0.1571045 0.7641602
vt 0.1572266 0.7641602
vt 0.2174072 0.4467773
vt 0.2174072 0.4467773
vt 0.1571045 0.7641602
vt 0.2172852 0.4467773
vt 0.1571045 0.7641602
vt 0.1572266 0.7641602
vt 0.1572266 0.7641602
vt 0.2174072 0.4467773
vt 0.2175293 0.4467773
vt 0.2174072 0.4467773
vt 0.1572266 0.7641602
vt 0.2175293 0.4467773
vt 0.1572266 0.7641602
vt 0.1572266 0.7641602
vt 0.2175293 0.4467773
vt 0.2174072 0.4467773
vt 0.1572266 0.7641602
vt 0.2174072 0.4467773
vt 0.1572266 0.7641602
vt 0.1574707 0.7641602
vt 0.1573486 0.7641602
vt 0.2175293 0.4467773
vt 0.2176514 0.4467773
vt 0.2175293 0.4467773
vt 0.1574707 0.7641602
vt 0.2177734 0.4467773
vt 0.1574707 0.7641602
vt 0.1574707 0.7641602
vt 0.2177734 0.4467773
vt 0.2176514 0.4467773
vt 0.1573486 0.7641602
vt 0.2175293 0.4467773
vt 0.1573486 0.7641602
vt 0.1572266 0.7641602
vt 0.1572266 0.7641602
vt 0.2174072 0.4467773
vt 0.2174072 0.4467773
vt 0.2174072 0.4467773
vt 0.1572266 0.7641602
vt 0.2175293 0.4467773
vt 0.1572266 0.7641602
vt 0.1572266 0.7641602
vt 0.2175293 0.4467773
vt 0.2175293 0.4467773
vt 0.1572266 0.7641602
vt 0.2174072 0.4467773
vt 0.1572266 0.7641602
vn -0.3664055 0.08927976 0.9261621
vn -0.3664055 0.08927976 0.9261621
vn -0.3664055 0.08927976 0.9261621
vn -0.5073146 -0.6924038 0.5130389
vn -0.5073145 -0.6924038 0.5130389
vn -0.5073146 -0.6924038 0.5130389
vn -0.5031521 -0.6800703 -0.5332376
vn -0.5031521 -0.6800703 -0.5332377
vn -0.5031521 -0.6800703 -0.5332377
vn 0.6175417 -0.4410517 -0.6512417
vn 0.6175417 -0.4410517 -0.6512417
vn 0.6175417 -0.4410516 -0.6512417
vn 0.6737217 0.4924366 -0.551004
vn 0.6737217 0.4924366 -0.551004
vn 0.6737217 0.4924366 -0.551004
vn 0.6566014 -0.4730379 -0.5874605
vn 0.6566014 -0.4730378 -0.5874604
vn 0.6566014 -0.4730378 -0.5874604
vn 0.7069458 0.4306193 -0.5610656
vn 0.7069458 0.4306193 -0.5610656
vn 0.7069458 0.4306193 -0.5610656
vn 0.3664055 0.08927976 0.9261621
vn 0.3664055 0.08927976 0.9261621
vn 0.3664055 0.08927976 0.9261621
vn 0.5073146 -0.6924038 0.5130389
vn 0.5073146 -0.6924038 0.5130389
vn 0.5073145 -0.6924038 0.5130389
vn 0.5031521 -0.6800703 -0.5332376
vn 0.5031521 -0.6800703 -0.5332377
vn 0.5031521 -0.6800703 -0.5332377
vn -0.6175417 -0.4410517 -0.6512417
vn -0.6175417 -0.4410516 -0.6512417
vn -0.6175417 -0.4410517 -0.6512417
vn -0.6737217 0.4924366 -0.551004
vn -0.6737217 0.4924366 -0.551004
vn -0.6737217 0.4924366 -0.551004
vn -0.6566014 -0.4730379 -0.5874605
vn -0.6566014 -0.4730378 -0.5874604
vn -0.6566014 -0.4730378 -0.5874604
vn -0.7069458 0.4306193 -0.5610656
vn -0.7069458 0.4306193 -0.5610656
vn -0.7069458 0.4306193 -0.5610656
vn 0.0791501 -0.04165845 0.9959919
vn 0.1268237 -0.07371274 0.9891827
vn 0 -0.06172838 0.9980929
vn 0.05556261 -0.02581316 0.9981214
vn 0 -0.0258531 0.9996657
vn -0.05556261 -0.02581316 0.9981214
vn -0.0791501 -0.04165845 0.9959919
vn -0.1268237 -0.07371274 0.9891827
vn 0.4984053 -0.04106146 0.8659711
vn 0.2916489 0.02071217 0.9563012
vn 0.3918061 0.123071 0.9117792
vn 0.2469291 0.1443157 0.958227
vn 0.03699994 0.05432703 0.9978375
vn 0.3771476 -0.6869438 0.6211827
vn 0.2693742 -0.6456589 0.7145362
vn 0.6459752 -0.006011608 0.7633346
vn 0.5465853 -0.2359532 0.8034741
vn 0.5707307 0.4895074 0.6592792
vn 0.6937823 0.5262752 0.4916305
vn 0.3887114 0.4084454 0.8258787
vn 0.6320918 -0.2447136 0.7352383
vn 0.5863948 -0.7065742 0.3960985
vn 0.7167008 -0.2404427 0.6546199
vn -0.5475212 0.153049 -0.8226765
vn -0.563905 0.1005237 -0.8196988
vn -0.5639051 0.1005237 -0.8196988
vn -0.5449747 0.1607251 -0.8229035
vn -0.5963828 0.2444249 -0.7645809
vn -0.6017115 0.2467219 -0.7596523
vn -0.6698745 0.2761751 -0.6891991
vn 0.2342681 0.008039404 0.9721388
vn 0.2235072 -0.02594766 0.9743568
vn 0.1532575 -0.01933061 0.9879972
vn 0.1905519 -0.157569 0.9689489
vn 0.32482 0.08449649 0.9419938
vn 0.2074796 0.1689885 0.9635327
vn 0.1970447 0.1141551 0.9737258
vn 0 0.2382506 0.9712037
vn 0 0.1449778 0.9894349
vn 0 0.1980927 0.9801832
vn -0.1970447 0.1141551 0.9737258
vn -0.2074796 0.1689885 0.9635327
vn -0.32482 0.08449649 0.9419938
vn -0.2342681 0.008039403 0.9721388
vn 0.3365845 0.08425199 0.9378766
vn 0.2441646 0.1601327 0.956421
vn -0.2441646 0.1601326 0.956421
vn -0.3365845 0.08425198 0.9378766
vn -0.1905519 -0.157569 0.9689489
vn -0.2235072 -0.02594766 0.9743568
vn -0.1532575 -0.01933061 0.9879972
vn 0.3994155 0.2691307 0.8763766
vn 0.3871524 0.06559987 0.9196792
vn 0.3445698 -0.03616271 0.9380639
vn 0.4298301 0.1483507 0.8906392
vn 0.3684396 0.2337211 0.8997926
vn 0.535973 -0.009621794 0.8441804
vn 0.3996152 0.03582746 0.9159826
vn 0.4243199 0.02719673 0.9051039
vn 0.3974639 0.1440885 0.9062344
vn 0.3116376 -0.1360427 0.9404118
vn 0.4718137 -0.1805126 0.863022
vn 0.2470072 0.4735873 0.8454008
vn 0.6342907 0.1801506 0.751812
vn 0.232492 -0.4789036 0.8465217
vn 0.5180034 0.402773 0.7546167
vn 0.2652645 0.7403829 0.6176308
vn 0 0.4992962 0.8664312
vn -0.2470071 0.4735873 0.8454008
vn -0.2652645 0.7403829 0.6176309
vn 0 0.7857802 0.618506
vn 0 0.9587964 0.2840937
vn -0.3974639 0.1440885 0.9062346
vn -0.5180034 0.402773 0.7546167
vn -0.3445698 -0.03616271 0.9380639
vn -0.3871524 0.06559987 0.9196792
vn -0.3994155 0.2691307 0.8763766
vn -0.4243198 0.02719673 0.9051039
vn -0.6342907 0.1801506 0.751812
vn -0.535973 -0.009621796 0.8441804
vn -0.3996152 0.03582745 0.9159826
vn -0.3684396 0.2337211 0.8997926
vn -0.4298301 0.1483507 0.8906392
vn -0.3116376 -0.1360427 0.9404118
vn -0.4718137 -0.1805126 0.863022
vn -0.2324919 -0.4789036 0.8465216
vn -0.6855146 -0.2405731 0.687164
vn -0.7198537 -0.01068433 0.6940435
vn -0.4384745 -0.5188795 0.7338284
vn -0.5724075 -0.5796006 0.580011
vn -0.8334115 -0.2681991 0.4832129
vn -0.229782 -0.7910358 0.5669767
vn 0 -0.4952575 0.8687462
vn 0 -0.8043882 0.5941041
vn 0 -0.2258822 0.9741546
vn 0 -0.1608309 0.986982
vn 0.229782 -0.7910358 0.5669767
vn 0 -0.9324599 0.3612735
vn 0.4384745 -0.5188795 0.7338284
vn 0.6855146 -0.2405731 0.6871639
vn 0.5724075 -0.5796006 0.580011
vn 0.7198537 -0.01068433 0.6940435
vn 0.8334115 -0.2681991 0.4832129
vn 0.334624 -0.8787643 0.3402943
vn 0.1618169 -0.9259599 0.3411943
vn 0.6400957 -0.65942 0.3942623
vn -0.1618169 -0.9259599 0.3411943
vn 0 -0.9623483 0.2718192
vn 0.1701011 -0.9608033 0.2189124
vn -0.334624 -0.8787643 0.3402943
vn -0.1701011 -0.9608033 0.2189125
vn -0.6400957 -0.65942 0.3942623
vn 0.3285233 -0.9341458 0.1394415
vn 0 -0.9582083 0.2860711
vn 0.1671099 -0.9595072 0.2267603
vn -0.1671099 -0.9595072 0.2267603
vn 0.2022787 -0.9744158 0.09796465
vn -0.2022787 -0.9744158 0.09796465
vn -0.3285233 -0.9341458 0.1394415
vn 0.3120606 -0.947063 -0.07542998
vn 0.1688378 -0.9841669 -0.05393979
vn 0.5962111 -0.7838215 0.1736554
vn -0.3120606 -0.947063 -0.07542998
vn -0.1688378 -0.9841669 -0.0539398
vn -0.5962111 -0.7838215 0.1736554
vn 0.2265084 -0.9295111 -0.2910378
vn 0.1118647 -0.9778019 -0.1771719
vn 0.8341493 -0.4975857 0.237915
vn 0.7792448 -0.6145409 -0.1229509
vn 0.5453532 -0.8332093 -0.09139021
vn 0.4571157 -0.7829253 -0.4219871
vn 0.678669 -0.50416 -0.5340702
vn -0.8341493 -0.4975857 0.237915
vn -0.7792448 -0.6145409 -0.1229509
vn 0.1008529 -0.9092559 -0.4038347
vn 0.06700614 -0.9655344 -0.2515026
vn 0 -0.9609325 -0.2767828
vn 0.445053 -0.4748563 -0.759236
vn 0.5303118 -0.2331606 -0.8151107
vn 0.3035413 -0.7153054 -0.6294448
vn -0.5453532 -0.8332093 -0.09139022
vn 0.1369015 -0.6768121 -0.7233141
vn 0 -0.9010017 -0.4338155
vn -0.4571157 -0.7829253 -0.4219871
vn -0.678669 -0.50416 -0.5340702
vn -0.2265084 -0.9295111 -0.2910379
vn -0.1118647 -0.9778019 -0.1771719
vn -0.445053 -0.4748563 -0.759236
vn -0.5303118 -0.2331606 -0.8151107
vn -0.3035413 -0.7153054 -0.6294448
vn -0.1008529 -0.9092559 -0.4038347
vn -0.06700614 -0.9655344 -0.2515026
vn -0.1369015 -0.6768121 -0.7233141
vn -0.2161652 -0.3151823 -0.9240848
vn 0 -0.6732773 -0.7393901
vn 0 -0.307764 -0.9514628
vn 0 -0.005434295 -0.9999852
vn 0.2161651 -0.3151823 -0.9240848
vn -0.2331894 -0.02657548 -0.9720681
vn 0.2331894 -0.02657547 -0.9720681
vn -0.5088338 -0.013731 -0.8607553
vn -0.6970223 -0.1081515 -0.7088463
vn 0.5088338 -0.013731 -0.8607553
vn 0.6970223 -0.1081515 -0.7088463
vn 0.2302645 0.2992492 -0.9259741
vn -0.2302645 0.2992491 -0.9259742
vn 0 0.2937745 -0.9558748
vn 0 0.6393849 -0.7688868
vn -0.7383097 0.0536168 -0.6723273
vn -0.8801743 -0.1346146 -0.4551617
vn -0.8100227 -0.2973109 -0.5054398
vn -0.973383 -0.2021091 -0.1080619
vn -0.9197717 -0.3727428 -0.122812
vn -0.9390393 -0.2777423 0.2026434
vn -0.9805899 -0.1063781 0.1647034
vn -0.9341501 -0.1177951 0.3368797
vn -0.9347501 0.04473318 0.3524789
vn -0.571915 0.2839653 -0.7695952
vn -0.8527555 0.2804147 -0.4406537
vn -0.8553866 0.01766251 0.5176889
vn -0.8539993 0.2182941 0.4722635
vn -0.949196 0.2332669 0.2112191
vn -0.2283817 0.6432548 -0.7307975
vn -0.5808311 0.5926979 -0.5579824
vn -0.7724077 0.4144178 0.4812944
vn -0.8390448 0.1906771 0.5095549
vn -0.901372 0.3739397 0.2183979
vn -0.9052669 0.4164473 -0.08404483
vn -0.6979744 0.3716429 0.6121382
vn -0.7596979 0.2447323 -0.602466
vn -0.1743793 0.6885113 -0.7039489
vn -0.7018759 0.6130188 0.362737
vn -0.5753519 0.6066313 0.548606
vn -0.5710969 0.4986174 0.652096
vn -0.2870663 0.6008095 0.7460703
vn -0.1669337 0.9318322 0.3222141
vn 0.2079024 0.9610842 -0.1819171
vn -0.2075992 0.8981745 -0.3875372
vn 0 0.9999721 -0.00747691
vn 0 0.9218446 -0.3875596
vn 0.2283817 0.6432549 -0.7307975
vn 0.2075991 0.8981745 -0.3875372
vn -0.2079024 0.9610842 -0.1819171
vn 0.1669337 0.9318322 0.3222141
vn 0.1743792 0.6885113 -0.7039489
vn 0.2870663 0.6008095 0.7460703
vn 0.5753519 0.6066313 0.548606
vn 0.5710968 0.4986174 0.652096
vn 0.7018759 0.6130188 0.362737
vn 0.7724077 0.4144178 0.4812944
vn 0.6979744 0.3716429 0.6121382
vn 0.8390448 0.1906771 0.5095549
vn 0.8539993 0.2182941 0.4722635
vn 0.949196 0.2332669 0.2112191
vn 0.901372 0.3739396 0.2183979
vn 0.9052669 0.4164473 -0.08404483
vn 0.7596978 0.2447323 -0.602466
vn 0.9347501 0.04473318 0.3524789
vn 0.8527555 0.2804147 -0.4406537
vn 0.8553866 0.01766251 0.5176889
vn 0.9341501 -0.1177951 0.3368797
vn 0.9805899 -0.1063781 0.1647034
vn 0.9390393 -0.2777423 0.2026434
vn 0.973383 -0.2021091 -0.1080619
vn 0.9197717 -0.3727428 -0.122812
vn 0.8100227 -0.2973109 -0.5054398
vn 0.8801742 -0.1346146 -0.4551617
vn 0.7383097 0.0536168 -0.6723273
vn 0.571915 0.2839653 -0.7695952
vn 0.5808311 0.5926979 -0.5579823
vn 0.2484218 0.3908121 -0.886314
vn 0.3466194 0.3257395 -0.87963
vn 0.3566019 0.3902172 -0.8488614
vn 0.2186876 0.2964782 -0.9296647
vn 0.1699947 0.1897721 -0.9669997
vn 0 0.387436 -0.9218966
vn 0.03961142 0.1223946 -0.9916906
vn 0 0.2818903 -0.9594467
vn -0.2186876 0.2964782 -0.9296647
vn -0.2484218 0.3908121 -0.886314
vn 0 0.1042615 -0.9945499
vn -0.00273357 -0.01393045 -0.9998993
vn -0.3466194 0.3257395 -0.87963
vn -0.3566019 0.3902172 -0.8488614
vn -0.1699947 0.1897721 -0.9669997
vn -0.03961142 0.1223946 -0.9916906
vn 0.002733565 -0.01393045 -0.9998993
vn 0 -0.02288136 -0.9997382
vn 0 0.004366402 -0.9999905
vn -0.009015648 0.022124 -0.9997146
vn 0.009015642 0.022124 -0.9997146
vn 0 0.1558595 -0.9877793
vn 0.008704054 0.1600698 -0.9870674
vn -0.008704054 0.1600698 -0.9870674
vn 0 0.2236415 -0.9746714
vn 0.02840682 0.2286175 -0.9731019
vn 0 0.2776734 -0.9606755
vn -0.02840682 0.2286175 -0.9731019
vn 0.1426747 0.2561334 -0.9560541
vn 0.1702099 0.2549235 -0.9518627
vn -0.1426747 0.2561334 -0.9560541
vn -0.1702099 0.2549235 -0.9518627
vn 0.3120696 0.2522004 -0.9159736
vn 0.3342268 0.2559026 -0.9070867
vn -0.3120696 0.2522004 -0.9159736
vn -0.3342268 0.2559027 -0.9070867
vn 0.6091014 0.2782076 -0.7426952
vn 0.5855234 0.2869619 -0.7581657
vn -0.6091014 0.2782076 -0.7426952
vn -0.5855235 0.2869619 -0.7581657
vn 0.8729944 0.2778637 -0.4008399
vn 0.8585905 0.3135889 -0.4055668
vn -0.8729944 0.2778637 -0.4008399
vn -0.8585905 0.3135889 -0.4055668
vn 0.9619527 0.2732156 0.0001231142
vn 0.948769 0.315741 0.01203857
vn -0.9619527 0.2732156 0.0001231191
vn -0.948769 0.315741 0.01203857
vn 0.9221422 0.2689573 0.278057
vn 0.9164774 0.2784194 0.2873183
vn -0.9221422 0.2689574 0.2780571
vn -0.9164774 0.2784194 0.2873183
vn 0.8970855 0.248225 0.3655434
vn 0.9101024 0.248006 0.3319737
vn 0.8360417 0.2181157 0.5034481
vn 0.8850152 0.2344963 0.4021935
vn 0.9383499 0.2375593 0.2511273
vn 0.7671785 0.1951549 0.6110251
vn 0.9701673 0.2422146 -0.01035962
vn 0.6511194 0.1594834 0.74203
vn 0.6385999 0.1558016 0.753602
vn 0.8907769 0.2431011 -0.383951
vn 0.6070573 0.257289 -0.7518536
vn 0.292041 0.2487675 -0.9234862
vn 0.5030971 0.1344314 0.8537104
vn 0.1947129 0.2331505 -0.9527475
vn 0.1009024 0.2773768 -0.955448
vn 0.5196084 0.1274382 0.8448471
vn 0 0.3224452 -0.9465882
vn -0.1009024 0.2773768 -0.955448
vn -0.1947129 0.2331505 -0.9527475
vn -0.2920409 0.2487675 -0.9234862
vn -0.6070573 0.257289 -0.7518536
vn -0.8907769 0.2431011 -0.383951
vn -0.9701673 0.2422146 -0.01035962
vn -0.9383499 0.2375594 0.2511273
vn -0.8850152 0.2344963 0.4021935
vn -0.8970854 0.248225 0.3655434
vn -0.9101024 0.248006 0.3319737
vn -0.8350776 0.2170496 0.5055047
vn -0.7627186 0.1919766 0.6175803
vn -0.6514146 0.1571841 0.7422615
vn -0.6398064 0.1537951 0.7529905
vn -0.5086839 0.1366441 0.8500407
vn -0.5309808 0.1305093 0.8372734
vn -0.3809443 0.119899 0.916791
vn -0.3844706 0.1389212 0.9126244
vn -0.3850721 0.1592014 0.9090514
vn -0.2666505 0.1203014 0.9562557
vn -0.2361487 0.1116431 0.9652821
vn 0 0.1117918 0.9937316
vn 0 0.1117919 0.9937316
vn 0.2430881 0.1102873 0.9637141
vn 0.2718543 0.1184225 0.9550242
vn 0.3825254 0.1148163 0.9167833
vn 0.3848395 0.1362039 0.9128785
vn 0.3850721 0.1592014 0.9090514
vn 0.03699994 0.05432703 0.9978375
vn 0.2916489 0.02071217 0.9563012
vn 0.3018228 -0.08830043 0.949266
vn 0.4228238 -0.1227859 0.897855
vn 0.4984053 -0.04106146 0.8659711
vn 0.5303118 -0.2331606 -0.8151107
vn 0.8100227 -0.2973109 -0.5054398
vn 0.6970223 -0.1081515 -0.7088463
vn 0.678669 -0.50416 -0.5340702
vn 0.9197717 -0.3727428 -0.122812
vn 0.7792448 -0.6145409 -0.1229509
vn 0.8341493 -0.4975857 0.237915
vn 0.9390393 -0.2777423 0.2026434
vn 0.8334115 -0.2681991 0.4832129
vn 0.9341501 -0.1177951 0.3368797
vn 0.6053914 0.6183241 -0.5011752
vn 0.4770135 0.5418811 -0.6919703
vn 0.6053914 0.6183241 -0.5011752
vn 0.5431778 0.5831907 -0.6040252
vn 0.381208 0.477022 -0.7919157
vn -0.7066342 0.6903583 -0.1551567
vn -0.7193376 0.6362109 -0.2789068
vn -0.7066342 0.6903583 -0.1551567
vn -0.7204888 0.5943998 -0.35719
vn -0.7081531 0.5070261 -0.4913691
vn 0.08658552 -0.8854765 0.456546
vn 0.1640677 -0.7429301 0.6489505
vn 0.08658554 -0.8854765 0.456546
vn 0.1705389 -0.7277794 0.6642693
vn 0.2438675 -0.5072624 0.8265674
vn 0.2209865 0.5537345 -0.8028343
vn 0.428502 0.5876805 -0.6863073
vn 0.1604017 0.3665542 -0.9164656
vn 0.3334172 0.509246 -0.7934113
vn 0.6271618 0.7788676 0.005780977
vn -0.4763685 -0.3055106 -0.8244613
vn 0.3661618 0.5230008 -0.7696725
vn -0.07707212 0.07417452 -0.9942625
vn -0.4087608 -0.2607898 -0.8745874
vn -0.8142286 -0.5801764 0.02067021
vn -0.7907495 -0.6034737 -0.102639
vn -0.001487799 0.1708393 -0.9852977
vn -0.8616002 -0.5075539 0.005850812
vn -0.4704745 -0.3334143 0.8169999
vn -0.780834 -0.6082545 0.1425646
vn -0.7454888 -0.6661782 0.02128504
vn -0.442263 -0.3008273 0.8449299
vn 0.3361347 0.5845031 -0.7384915
vn 0.3991937 0.7440673 -0.5357316
vn -0.1500296 0.005670905 0.9886652
vn -0.05397975 0.1250163 0.9906852
vn 0.6383136 0.7697731 0.002274941
vn 0.5757213 0.8176381 0.003580508
vn 0.5007969 0.8654698 0.0128306
vn 0.3045155 0.759387 0.5749797
vn 0.292147 0.5826238 0.7584192
vn 0.3567877 0.4943184 0.7926865
vn 0.3319607 0.4912992 0.8052498
vn 0.1707067 0.3740221 0.9115738
vn 0.4321246 0.595021 0.6776565
vn 0.2043724 0.5771212 0.7906725
vn -0.2593401 -0.9409666 -0.2175422
vn -0.2593401 -0.9409666 -0.2175422
vn -0.2593402 -0.9409666 -0.2175422
vn -0.2593402 -0.9409666 -0.2175422
vn -0.253843 -0.9426688 0.2166544
vn -0.2538429 -0.9426688 0.2166544
vn -0.253843 -0.9426688 0.2166545
vn -0.253843 -0.9426688 0.2166545
vn -0.2726234 -0.8458607 0.4584718
vn -0.2726234 -0.8458607 0.4584718
vn -0.2726234 -0.8458607 0.4584718
vn -0.2726233 -0.8458605 0.4584718
vn -0.8312788 -0.5545083 -0.03867967
vn -0.8312788 -0.5545083 -0.03867967
vn -0.8312788 -0.5545083 -0.03867967
vn -0.8312788 -0.5545083 -0.03867967
vn -0.7222982 -0.6830077 0.1085625
vn -0.7222982 -0.6830077 0.1085625
vn -0.7222983 -0.6830077 0.1085625
vn -0.7222982 -0.6830077 0.1085625
vn -0.7412726 -0.6637751 -0.09958639
vn -0.7412726 -0.6637751 -0.0995864
vn -0.7412726 -0.6637751 -0.0995864
vn -0.7412726 -0.6637751 -0.0995864
vn -0.8377997 -0.5353505 0.1071983
vn -0.8377997 -0.5353505 0.1071982
vn -0.8377997 -0.5353506 0.1071982
vn -0.8377997 -0.5353505 0.1071982
vn -0.2576802 -0.836005 -0.4844549
vn -0.2576802 -0.836005 -0.4844549
vn -0.2576802 -0.836005 -0.4844549
vn -0.2576802 -0.836005 -0.4844549
vn 0 0.2216504 -0.9751262
vn 0.1016487 0.04784518 -0.9936692
vn 0.1231847 0.2199622 -0.9676994
vn 0 0.05139488 -0.9986784
vn 0.07776071 -0.120588 -0.9896523
vn 0 -0.1209543 -0.9926581
vn -0.07776071 -0.120588 -0.9896523
vn -0.1016487 0.04784518 -0.9936692
vn -0.1231847 0.2199622 -0.9676994
vn 0.07275142 -0.9827803 -0.1698533
vn 0.07275141 -0.9827803 -0.1698533
vn 0.07275142 -0.9827803 -0.1698533
vn 0.07275141 -0.9827803 -0.1698533
vn 0.1429493 0.9511515 -0.273635
vn 0.1429493 0.9511517 -0.273635
vn 0.1429493 0.9511515 -0.273635
vn 0.1429493 0.9511515 -0.273635
vn -0.1072155 0.2674602 -0.9575854
vn -0.1072155 0.2674602 -0.9575854
vn -0.1072155 0.2674602 -0.9575854
vn -0.1072155 0.2674603 -0.9575854
vn -0.08863003 -0.1658211 -0.982165
vn -0.08863003 -0.1658211 -0.982165
vn -0.08863003 -0.1658211 -0.982165
vn -0.08863004 -0.1658211 -0.982165
vn -0.2097363 0.9735502 0.09061257
vn -0.2097363 0.9735502 0.09061258
vn -0.2097363 0.9735502 0.09061258
vn -0.2097363 0.9735502 0.09061258
vn -0.2121429 -0.9542951 0.2105145
vn -0.2121429 -0.9542951 0.2105145
vn -0.2121428 -0.9542951 0.2105145
vn -0.2121429 -0.9542951 0.2105145
vn 0.9783961 -0.0261978 0.2050727
vn 0.9783961 -0.0261978 0.2050727
vn 0.9783961 -0.0261978 0.2050727
vn 0.9783961 -0.0261978 0.2050727
vn 0.9697659 0.134322 0.2037443
vn 0.9697659 0.134322 0.2037443
vn 0.9697659 0.1343219 0.2037443
vn 0.9697659 0.1343219 0.2037443
vn 0 -0.5093417 -0.8605644
vn 0.068088 -0.5081597 -0.8585673
vn 0.06754337 0.05368862 -0.9962708
vn 0 0.03613481 -0.9993469
vn -0.06754337 0.05368862 -0.9962708
vn -0.06808799 -0.5081597 -0.8585673
vn 0 0.5864226 -0.8100052
vn 0.04519638 0.5858233 -0.8091776
vn -0.04519638 0.5858233 -0.8091776
vn 0 -0.5798392 -0.814731
vn 0.04814979 -0.5791667 -0.813786
vn 0.06080258 -0.02915475 -0.9977239
vn 0 -0.02545757 -0.9996759
vn -0.06080258 -0.02915475 -0.9977239
vn -0.04814979 -0.5791667 -0.813786
vn 0 0.5367664 -0.843731
vn 0.05280335 0.5360175 -0.8425539
vn -0.05280335 0.5360175 -0.8425539
vn 0.3137785 -0.1635326 -0.9353076
vn 0.2182377 -0.789854 -0.5731516
vn -0.268619 -0.9620391 -0.04821672
vn 0.2538891 -0.8328714 -0.4917982
vn -0.4884356 -0.8720477 -0.03103959
vn 0.4722413 -0.8786508 0.07043492
vn -0.5013819 -0.8652199 -0.00327958
vn -0.4560923 -0.8858139 0.0855194
vn 0.3380911 -0.9329348 -0.123803
vn -0.4514209 -0.8598848 -0.2383635
vn 0.1427638 -0.9729276 0.181743
vn -0.3263907 -0.6181592 -0.7150862
vn -0.2955959 -0.7385622 -0.6059282
vn -0.267268 -0.8177544 -0.5097505
vn 0.1262867 -0.9845905 0.1209678
vn -0.08303267 -0.8515531 -0.5176513
vn 0.0006800106 -0.7431291 -0.6691477
vn 0 -0.9939388 0.1099344
vn 0 -0.7314157 -0.6819318
vn -0.03326929 -0.7511312 -0.6593141
vn -0.1778018 -0.9709819 0.1599395
vn 0.01876632 -0.9170551 -0.3983188
vn 0.2904883 -0.8466164 -0.4459342
vn -0.1214951 -0.9660624 0.2279523
vn 0.3442872 -0.7013907 -0.6241133
vn 0.3366141 -0.6115003 -0.7160714
vn 0.451421 -0.8598848 -0.2383636
vn -0.3380911 -0.9329346 -0.123803
vn 0.4560923 -0.8858139 0.0855194
vn -0.4722413 -0.8786508 0.07043494
vn 0.5013819 -0.8652199 -0.00327958
vn 0.4884356 -0.8720477 -0.0310396
vn -0.253889 -0.8328714 -0.4917982
vn 0.268619 -0.9620391 -0.04821673
vn -0.2182377 -0.789854 -0.5731516
vn -0.3137785 -0.1635325 -0.9353074
vn 0.3704502 0.4458238 0.8148667
vn 0.3639514 0.4406864 0.8205699
vn 0.6011452 0.7205829 0.3455209
vn 0.6502256 0.7596997 0.0079382
vn 0.6557696 0.7549558 0.002822618
vn 0.6432043 0.6854391 -0.3412645
vn 0.3511536 0.4546681 -0.8185158
vn 0.3405862 0.4587347 -0.8207092
vn 0.3511536 0.4546681 -0.8185158
vn -0.3791897 -0.4020112 -0.8334279
vn 0.3405862 0.4587347 -0.8207092
vn -0.3558063 -0.4512579 -0.8183936
vn -0.668797 -0.7432318 0.017811
vn -0.65583 -0.7548517 0.009269445
vn -0.3864468 -0.3990895 0.8314966
vn 0.3784109 0.3800649 -0.8440118
vn 0.6432043 0.6854391 -0.3412645
vn -0.3795713 -0.4432608 -0.8120625
vn 0.400667 0.4402185 -0.8035381
vn -0.4466478 -0.3931237 -0.8037161
vn -0.6968116 -0.7169621 0.02046793
vn 0.3540445 0.4788515 -0.8033391
vn -0.3528998 -0.4529488 0.818718
vn 0.6827996 0.7304316 0.01595126
vn 0.7103063 0.7038924 0.0006807005
vn 0.6502256 0.7596997 0.0079382
vn 0.4400552 0.3693341 0.8185009
vn -0.3730182 -0.4304318 0.8219404
vn 0.3788412 0.4094383 0.8299636
vn 0.6011452 0.7205829 0.3455209
vn 0.3345343 0.4543649 0.8256145
vn 0.3639514 0.4406864 0.8205699
vn 0.3704502 0.4458238 0.8148667
vn -0.4984053 -0.04106146 0.8659711
vn -0.3918061 0.123071 0.9117792
vn -0.2916489 0.02071217 0.9563012
vn -0.2469291 0.1443157 0.958227
vn -0.03699994 0.05432703 0.9978375
vn -0.6459752 -0.006011648 0.7633346
vn -0.2693742 -0.6456589 0.7145362
vn -0.3771476 -0.6869438 0.6211827
vn -0.5465853 -0.2359532 0.8034741
vn -0.5707306 0.4895073 0.6592793
vn -0.6937823 0.5262752 0.4916305
vn -0.3887114 0.4084454 0.8258787
vn -0.6320918 -0.2447136 0.7352383
vn -0.5863948 -0.7065742 0.3960985
vn -0.7167008 -0.2404427 0.6546199
vn 0.5639051 0.1005237 -0.8196988
vn 0.563905 0.1005237 -0.8196988
vn 0.5475212 0.153049 -0.8226765
vn 0.5449747 0.1607251 -0.8229035
vn 0.5963828 0.2444249 -0.7645809
vn 0.6017115 0.2467219 -0.7596523
vn 0.6698745 0.2761751 -0.6891991
vn -0.03699994 0.05432703 0.9978375
vn -0.3018228 -0.08830043 0.949266
vn -0.2916489 0.02071217 0.9563012
vn -0.4228238 -0.1227859 0.897855
vn -0.4984053 -0.04106146 0.8659711
vn -0.5303118 -0.2331606 -0.8151107
vn -0.6970223 -0.1081515 -0.7088463
vn -0.8100227 -0.2973109 -0.5054398
vn -0.678669 -0.50416 -0.5340702
vn -0.9197717 -0.3727428 -0.122812
vn -0.7792448 -0.6145409 -0.1229509
vn -0.8341493 -0.4975857 0.237915
vn -0.9390393 -0.2777423 0.2026434
vn -0.8334115 -0.2681991 0.4832129
vn -0.9341501 -0.1177951 0.3368797
vn -0.6053914 0.6183241 -0.5011752
vn -0.6053914 0.6183241 -0.5011752
vn -0.4770136 0.5418811 -0.6919703
vn -0.5431778 0.5831907 -0.6040252
vn -0.381208 0.477022 -0.7919157
vn 0.7066342 0.6903583 -0.1551567
vn 0.7066342 0.6903583 -0.1551567
vn 0.7193376 0.6362109 -0.2789068
vn 0.7204889 0.5943996 -0.35719
vn 0.7081531 0.5070261 -0.4913691
vn -0.08658552 -0.8854765 0.456546
vn -0.08658554 -0.8854765 0.456546
vn -0.1640677 -0.7429301 0.6489505
vn -0.1705389 -0.7277794 0.6642693
vn -0.2438675 -0.5072624 0.8265674
vn -0.2209865 0.5537345 -0.8028343
vn -0.1604017 0.3665542 -0.9164656
vn -0.428502 0.5876805 -0.6863073
vn -0.3334172 0.509246 -0.7934113
vn -0.6271618 0.7788676 0.005781008
vn 0.4763685 -0.3055106 -0.8244613
vn -0.3661618 0.5230008 -0.7696725
vn 0.07707212 0.07417452 -0.9942625
vn 0.4087608 -0.2607898 -0.8745874
vn 0.8142286 -0.5801764 0.02067021
vn 0.7907495 -0.6034737 -0.102639
vn 0.001487799 0.1708393 -0.9852977
vn 0.8616002 -0.5075539 0.005850812
vn 0.4704745 -0.3334143 0.8169999
vn 0.780834 -0.6082545 0.1425646
vn 0.7454888 -0.6661782 0.02128504
vn 0.442263 -0.3008273 0.8449299
vn -0.3361347 0.5845031 -0.7384915
vn -0.3991937 0.7440673 -0.5357316
vn 0.1500296 0.005670902 0.9886652
vn 0.05397975 0.1250163 0.9906852
vn -0.6383136 0.7697731 0.002274951
vn -0.5757213 0.8176381 0.003580508
vn -0.5007969 0.8654698 0.0128306
vn -0.3045155 0.759387 0.5749798
vn -0.292147 0.5826238 0.7584192
vn -0.3567877 0.4943184 0.7926865
vn -0.3319607 0.4912992 0.8052498
vn -0.1707067 0.3740221 0.9115738
vn -0.4321246 0.595021 0.6776565
vn -0.2043724 0.5771212 0.7906725
vn 0.2593401 -0.9409666 -0.2175422
vn 0.2593402 -0.9409666 -0.2175422
vn 0.2593402 -0.9409666 -0.2175422
vn 0.2593401 -0.9409666 -0.2175422
vn 0.2538429 -0.9426688 0.2166544
vn 0.253843 -0.9426688 0.2166544
vn 0.253843 -0.9426688 0.2166544
vn 0.2538429 -0.9426688 0.2166544
vn 0.2726233 -0.8458607 0.4584718
vn 0.2726233 -0.8458605 0.4584718
vn 0.2726233 -0.8458607 0.4584718
vn 0.2726233 -0.8458607 0.4584718
vn 0.8312788 -0.5545083 -0.03867967
vn 0.8312788 -0.5545083 -0.03867967
vn 0.8312788 -0.5545083 -0.03867967
vn 0.8312788 -0.5545083 -0.03867967
vn 0.7222982 -0.6830077 0.1085625
vn 0.7222982 -0.6830077 0.1085625
vn 0.7222983 -0.6830077 0.1085625
vn 0.7222982 -0.6830077 0.1085625
vn 0.7412726 -0.6637751 -0.09958639
vn 0.7412726 -0.6637752 -0.0995864
vn 0.7412726 -0.6637753 -0.0995864
vn 0.7412726 -0.6637752 -0.09958639
vn 0.8377997 -0.5353505 0.1071983
vn 0.8377997 -0.5353505 0.1071983
vn 0.8377997 -0.5353506 0.1071983
vn 0.8377997 -0.5353505 0.1071983
vn 0.2576802 -0.836005 -0.4844549
vn 0.2576802 -0.836005 -0.484455
vn 0.2576802 -0.836005 -0.4844549
vn 0.2576802 -0.836005 -0.4844549
vn -0.07275142 -0.9827803 -0.1698533
vn -0.07275141 -0.9827803 -0.1698533
vn -0.07275142 -0.9827803 -0.1698533
vn -0.07275141 -0.9827803 -0.1698533
vn -0.1429493 0.9511515 -0.273635
vn -0.1429493 0.9511515 -0.273635
vn -0.1429493 0.9511515 -0.273635
vn -0.1429493 0.9511515 -0.273635
vn 0.1072155 0.2674603 -0.9575854
vn 0.1072155 0.2674603 -0.9575854
vn 0.1072155 0.2674603 -0.9575854
vn 0.1072155 0.2674603 -0.9575854
vn 0.08863001 -0.1658211 -0.982165
vn 0.08863001 -0.1658211 -0.982165
vn 0.08863001 -0.1658211 -0.982165
vn 0.08863001 -0.1658211 -0.982165
vn 0.2097363 0.9735502 0.09061258
vn 0.2097363 0.9735502 0.09061258
vn 0.2097363 0.9735502 0.09061257
vn 0.2097363 0.9735502 0.09061257
vn 0.2121429 -0.9542951 0.2105146
vn 0.2121429 -0.9542951 0.2105145
vn 0.2121428 -0.9542951 0.2105145
vn 0.2121428 -0.9542951 0.2105145
vn -0.9783961 -0.0261978 0.2050727
vn -0.9783961 -0.0261978 0.2050727
vn -0.9783961 -0.0261978 0.2050727
vn -0.9783961 -0.0261978 0.2050727
vn -0.9697659 0.134322 0.2037443
vn -0.9697659 0.134322 0.2037443
vn -0.9697659 0.134322 0.2037443
vn -0.9697659 0.134322 0.2037443
vn -0.6011452 0.7205828 0.345521
vn -0.3639514 0.4406864 0.8205699
vn -0.3704502 0.4458237 0.8148667
vn -0.6502256 0.7596997 0.007938189
vn -0.6557696 0.7549558 0.002822618
vn -0.6432043 0.6854391 -0.3412646
vn -0.3511536 0.4546681 -0.8185158
vn -0.3405862 0.4587347 -0.8207092
vn -0.3511536 0.4546681 -0.8185158
vn -0.3405862 0.4587347 -0.8207092
vn 0.3791897 -0.4020112 -0.8334279
vn 0.3558062 -0.4512579 -0.8183936
vn 0.6687969 -0.7432318 0.017811
vn 0.65583 -0.7548517 0.009269464
vn 0.3864467 -0.3990895 0.8314966
vn -0.3784109 0.3800649 -0.8440118
vn -0.6432043 0.6854391 -0.3412646
vn 0.3795713 -0.4432608 -0.8120625
vn -0.4006671 0.4402185 -0.8035381
vn 0.4466478 -0.3931238 -0.803716
vn 0.6968116 -0.7169621 0.02046793
vn -0.3540445 0.4788515 -0.8033391
vn 0.3528998 -0.4529488 0.818718
vn -0.6827996 0.7304316 0.01595126
vn -0.7103063 0.7038924 0.0006807005
vn -0.6502256 0.7596997 0.007938189
vn -0.4400552 0.3693341 0.8185009
vn 0.3730182 -0.4304318 0.8219404
vn -0.3788412 0.4094383 0.8299636
vn -0.6011452 0.7205828 0.345521
vn -0.3345343 0.4543649 0.8256145
vn -0.3639514 0.4406864 0.8205699
vn -0.3704502 0.4458237 0.8148667
vn 0.2431152 0.9692618 0.03777068
vn 0.5716226 0.8198478 0.03312344
vn 0.5940626 0.7495866 0.2919067
vn 0.2650244 0.9052865 0.3319919
vn -0.06404004 0.9972292 0.03785171
vn 0.5845081 0.2713093 0.7646838
vn -0.07902109 0.9275081 0.3653553
vn 0.2541195 0.3817636 0.8886393
vn -0.06279931 0.3540262 0.9331247
vn 0.4970417 -0.388959 0.7756676
vn -0.02878219 -0.4018441 0.9152557
vn 0.237042 -0.4256684 0.8732798
vn -0.001266355 -0.9002965 0.4352753
vn 0.5025865 -0.7789067 0.3751146
vn 0.2182834 -0.8783889 0.4251885
vn 0.01824348 -0.9949909 0.09828696
vn 0.3090202 -0.9466857 0.09106458
vn 0.5069296 -0.8582064 0.08064787
vn 0.1882921 0.1510586 -0.9704264
vn 0.01302821 -0.4185715 -0.9080904
vn 0.02017744 -0.7206588 -0.6929962
vn 0.2048479 0.2954027 -0.933153
vn 0.3535687 0.843263 -0.4048415
vn 0.2672452 -0.6628341 -0.6994504
vn 0.3119941 0.7324243 -0.6051564
vn 0.2197038 0.1272256 -0.9672351
vn 0.4432477 0.8219205 -0.3577403
vn 0.3494807 0.4793926 -0.8050131
vn 0.3422434 0.8873255 -0.3090675
vn -0.2370798 0.9080529 -0.3453012
vn -0.2213303 0.7401867 -0.6349304
vn -0.5456612 0.7869461 -0.2880445
vn -0.4959516 0.2877042 -0.8193036
vn -0.5835826 0.792464 0.1772911
vn -0.2734425 0.9192271 0.2832857
vn -0.692229 0.3965261 0.602981
vn 0.3511854 0.872928 0.3386231
vn 0.4432477 0.8219205 -0.3577403
vn 0.6604503 0.6937235 0.2873206
vn -0.3732997 0.4289364 0.8225941
vn -0.7143125 -0.2192809 0.6645852
vn 0.2932941 0.3556042 0.8874256
vn 0.6533253 0.2145416 0.7260426
vn 0.5067856 -0.404648 0.761202
vn -0.4345761 -0.3003019 0.849095
vn 0.1779061 -0.3972119 0.9003178
vn 0.1344992 -0.8838799 0.4479579
vn 0.4988095 -0.7567357 0.4225402
vn -0.4544192 -0.7963558 0.3991497
vn -0.7120885 -0.6176243 0.3338715
vn -0.6558875 -0.7429008 -0.1338284
vn -0.4452614 -0.8941305 0.04767406
vn 0.216636 -0.9673109 -0.131827
vn 0.2672452 -0.6628341 -0.6994504
vn 0.2197038 0.1272256 -0.9672351
vn 0.002146417 -0.4175037 -0.9086727
vn -0.03184241 -0.4080261 -0.9124147
vn 0.002146417 -0.4175037 -0.9086727
vn -0.02876328 -0.4089064 -0.912123
vn -0.6594692 -0.2893907 -0.6937965
vn -0.1837006 0.03671101 -0.9822965
vn -0.9981124 -0.004980513 -0.06121028
vn -0.9560583 0.06760951 0.2852744
vn -0.7337968 0.3612174 0.5753818
vn -0.9705288 0.1706457 0.1701579
vn -0.4853637 0.8106914 0.3274164
vn -0.1960068 0.9553738 0.2210024
vn -0.269203 0.9014348 -0.3390356
vn -0.5482677 0.7787205 -0.3049539
vn -0.1837006 0.03671101 -0.9822965
vn -0.9783964 0.1783547 -0.1045474
vn -0.5637735 0.6057248 -0.5614775
vn -0.9941351 0.0212877 -0.1060299
vn -0.245944 -0.3373758 -0.9086744
vn -0.6558875 -0.7429008 -0.1338284
vn -0.4959516 0.2877042 -0.8193036
vn -0.1349267 -0.3383155 -0.9313096
vn -0.2079024 0.9610842 -0.1819171
vn -0.5473894 0.6106917 0.5722066
vn -0.6012314 0.5144166 0.6114708
vn 0.2870663 0.6008095 0.7460703
vn 0.1591521 0.1147917 0.9805577
vn 0.5710968 0.4986174 0.652096
vn 0.5109 -0.1780619 0.8409966
vn 0.2749265 0.06142218 0.9595013
vn 0.4896327 -0.3695462 0.789744
vn -0.3182144 0.7481553 0.58224
vn -0.6161815 0.7104377 -0.3399978
vn 0.3880164 0.04322294 0.9206384
vn 0.2399997 -0.2782633 0.9300375
vn -0.09349881 0.4166519 -0.904245
vn 0.1743792 0.6885113 -0.7039489
vn -0.3494571 0.8723641 -0.3418489
vn 0.006895441 0.8716457 0.490088
vn 0.5261388 0.08568823 0.8460706
vn 0.5992291 0.7955718 0.08938687
vn 0.4812741 -0.05408191 0.8749002
vn 0.07495511 -0.0006691008 0.9971866
vn 0.9703081 0.2393683 0.03471137
vn 0.5088386 -0.03461106 0.8601658
vn 0.256509 0.1117567 0.9600592
vn 0.08475001 0.6143659 -0.7844564
vn 0.6130612 0.2515866 -0.7489059
vn 0.5950142 -0.04836312 0.8022588
vn 0.6979744 0.3716429 0.6121382
vn 0.8390448 0.1906771 0.5095549
vn 0.9967325 -0.0803353 -0.0084131
vn 0.5081828 -0.0652513 -0.8587739
vn 0.7596978 0.2447323 -0.602466
vn 0.9429837 -0.3288076 -0.0516452
vn 0.9109693 -0.3895368 0.135632
vn 0.5072179 0.1304723 0.8518844
vn 0.4761347 0.04213411 0.8783624
vn 0.4303207 0.0797717 0.8991444
vn 0.4730311 0.1789289 0.8626854
vn 0.4461097 0.2150461 0.8687585
vn 0.395209 0.1405261 0.9077787
vn 0.4267633 -0.07457907 0.901283
vn 0.3110123 0.02026899 0.9501897
vn 0.3605033 -0.03862588 0.9319579
vn 0.3569601 -0.07500211 0.9311038
vn 0 0.1795625 0.9837466
vn 0.2259374 -0.0115581 0.9740732
vn 0.1456668 -0.07064786 0.986808
vn 0.2072889 0.1117782 0.9718729
vn 0 -0.1153949 0.9933197
vn 0 0.4580762 0.8889129
vn -0.1456668 -0.07064786 0.986808
vn -0.2072889 0.1117782 0.9718729
vn -0.2259374 -0.01155809 0.9740732
vn 0.9618704 0.2487816 0.1136358
vn 0.9619002 0.2730073 -0.0146607
vn 0.9493688 0.3127763 -0.02949475
vn 0.7778146 0.1970186 -0.5968149
vn 0.8533006 0.3168303 0.4141215
vn 0.8351575 0.2726395 0.4776816
vn 0.9392806 0.2037349 0.2761232
vn 0.7333757 0.252463 0.6312072
vn 0.6405911 0.576004 0.5078014
vn 0.5900815 0.314347 0.7436328
vn 0.6119503 0.5503324 0.5680238
vn 0.444014 0.8923014 -0.08154624
vn 0.5691758 0.2860977 0.7708352
vn 0.4778866 0.3030017 0.8245086
vn 0.2814363 0.3137048 0.9068533
vn 0.2342196 0.2932504 0.926901
vn 0.2006768 0.2995249 0.9327452
vn 0 0.3091061 0.9510276
vn 0.9376938 0.3436841 -0.05110267
vn 0.8340414 0.3471169 0.428818
vn 0.4686827 0.3004341 0.830708
vn 0 0.2998809 0.9539767
vn 0 0.2660008 0.9639728
vn -0.2342196 0.2932504 0.926901
vn -0.2006768 0.2995249 0.9327452
vn -0.2814363 0.3137048 0.9068533
vn -0.4686827 0.3004341 0.830708
vn -0.4778866 0.3030017 0.8245086
vn -0.5691758 0.2860977 0.7708352
vn 0.8458905 0.1989824 -0.4948486
vn 0.5346308 0.1244272 -0.8358755
vn 0.5487264 0.213569 -0.8082621
vn 0.7776271 0.2356423 -0.5828968
vn 0.4535628 0.2447594 -0.856956
vn 0.4368151 0.6641166 -0.6067467
vn 0.437432 0.617391 -0.6538208
vn 0.2569572 0.1414303 -0.956018
vn 0.2286427 0.0471549 -0.9723676
vn 0.09462403 0.07944418 -0.9923381
vn 0.08560831 -0.00426727 -0.9963198
vn 0.2968673 0.06839401 -0.9524663
vn 0.08309946 0.004134292 -0.9965327
vn 0.09973744 0.1570057 -0.9825486
vn 0.2903568 0.2056156 -0.9345669
vn 0.1156382 0.2365504 -0.9647133
vn 0.1912429 0.2194895 -0.9566873
vn 0.3784376 0.2639019 -0.8872095
vn 0.7286177 0.3151872 -0.6080899
vn 0.6746017 0.3161695 -0.6670452
vn 0.9300765 0.3653404 -0.03852599
vn 0.8698863 0.3590709 -0.3381804
vn 0.8940532 0.349815 -0.2798185
vn 0.932418 0.3613805 0.0008362405
vn 0.9383866 0.345215 0.01604106
vn 0.9182212 0.338025 0.2064193
vn 0.8094084 0.3485847 0.4725957
vn 0.8254094 0.3398035 0.4508135
vn 0.6076537 0.2918727 0.7386253
vn 0.6677127 0.3336561 0.6654572
vn 0.6133628 0.2846295 0.7367308
vn 0.5307323 0.2772288 0.8009167
vn 0.3754379 0.2427329 0.8944983
vn 0.4504043 0.2789991 0.8481128
vn 0 0.2213629 0.9751915
vn 0.206548 0.2006403 0.9576437
vn 0 0.2050622 0.978749
vn -0.2065481 0.2006404 0.9576437
vn -0.3754379 0.2427329 0.8944982
vn -0.4504044 0.2789991 0.8481129
vn -0.6076537 0.2918727 0.7386253
vn -0.5307323 0.2772288 0.8009167
vn -0.6133628 0.2846295 0.7367308
vn -0.6677127 0.3336561 0.6654572
vn -0.8094084 0.3485847 0.4725957
vn -0.8254094 0.3398035 0.4508135
vn -0.8340414 0.3471169 0.428818
vn -0.932418 0.3613805 0.0008362405
vn -0.9182212 0.338025 0.2064193
vn -0.9383866 0.345215 0.01604107
vn -0.8940532 0.349815 -0.2798185
vn -0.9300765 0.3653404 -0.03852599
vn -0.8698863 0.3590709 -0.3381804
vn -0.6746017 0.3161695 -0.6670451
vn -0.7286177 0.3151872 -0.6080899
vn -0.3784376 0.2639019 -0.8872095
vn -0.2903568 0.2056156 -0.9345669
vn -0.1912429 0.2194895 -0.9566873
vn -0.1156382 0.2365504 -0.9647133
vn -0.09973744 0.1570057 -0.9825486
vn -0.7776271 0.2356423 -0.5828968
vn -0.2968673 0.068394 -0.9524663
vn -0.5346308 0.1244272 -0.8358755
vn -0.08309945 0.004134287 -0.9965327
vn -0.08560831 -0.004267274 -0.9963198
vn -0.2286427 0.0471549 -0.9723676
vn -0.09462403 0.07944418 -0.9923381
vn -0.2569573 0.1414303 -0.956018
vn -0.4535628 0.2447594 -0.856956
vn -0.9376938 0.3436841 -0.05110268
vn -0.8458905 0.1989824 -0.4948486
vn -0.8533006 0.3168303 0.4141215
vn -0.9493688 0.3127764 -0.02949475
vn -0.7778146 0.1970186 -0.5968149
vn -0.5487264 0.213569 -0.8082621
vn -0.9619002 0.2730073 -0.0146607
vn -0.4368151 0.6641166 -0.6067467
vn -0.437432 0.617391 -0.6538208
vn -0.444014 0.8923014 -0.08154624
vn -0.9618704 0.2487816 0.1136359
vn -0.8351575 0.2726395 0.4776817
vn -0.9392806 0.2037349 0.2761232
vn -0.7333758 0.252463 0.6312071
vn -0.5900815 0.3143471 0.7436328
vn -0.6405911 0.576004 0.5078014
vn -0.6119503 0.5503324 0.5680238
vn 0 0.3712309 0.9285405
vn 0.2138131 0.3378377 0.9165967
vn 0.2024293 0.3585624 0.9112933
vn 0 0.3458353 0.9382952
vn 0.1839938 0.3912386 0.9017088
vn -0.2138131 0.3378377 0.9165967
vn -0.2024293 0.3585624 0.9112933
vn -0.1839938 0.3912386 0.9017088
vn -0.03310018 0.3808804 0.9240317
vn 0.03310019 0.3808804 0.9240317
vn 0 0.4201158 0.9074705
vn 0 0.4541301 0.8909354
vn 0.949196 0.2332669 0.2112191
vn 0.9052669 0.4164473 -0.08404483
vn 0.9938618 0.053332 -0.09692494
vn 0.8527555 0.2804147 -0.4406537
vn 0.9795503 0.04693658 0.1956483
vn 0.9347501 0.04473318 0.3524789
vn 0.9805899 -0.1063781 0.1647034
vn 0.973383 -0.2021091 -0.1080619
vn 0.8801742 -0.1346146 -0.4551617
vn 0.8860133 0.04836261 -0.4611307
vn 0.7383097 0.0536168 -0.6723273
vn 0.5383111 0.1509259 0.8291215
vn 0 0.2415769 0.9703817
vn 0.4751121 0.2788824 0.8345616
vn 0.800146 0.3501303 0.4870063
vn 0.8206657 0.3187699 0.4742293
vn 0.9234334 0.3776227 -0.06835223
vn 0.9198185 0.3775175 -0.106838
vn 0.7245157 0.3350651 -0.6023357
vn 0.6679658 0.3223652 -0.6707476
vn 0.3741074 0.1667773 -0.9122658
vn 0.3611868 0.1566141 -0.9192475
vn 0 0.03692849 -0.9993179
vn 0 0.03692849 -0.9993179
vn -0.3611868 0.1566141 -0.9192475
vn -0.3741074 0.1667773 -0.9122658
vn -0.6679658 0.3223652 -0.6707476
vn -0.7245157 0.3350652 -0.6023358
vn -0.9234334 0.3776227 -0.06835225
vn -0.9198185 0.3775175 -0.106838
vn -0.800146 0.3501303 0.4870063
vn -0.8206657 0.3187699 0.4742293
vn -0.5383111 0.1509259 0.8291215
vn -0.4751121 0.2788824 0.8345615
vn -0.551522 0.02526633 0.8337776
vn 0 0.05949317 0.9982287
vn 0 -0.1088868 0.9940541
vn 0.551522 0.02526633 0.8337776
vn -0.555022 -0.7046149 0.442118
vn -0.5061599 -0.6375068 0.5808505
vn -0.2900563 -0.8319935 0.4729207
vn -0.7344021 -0.5002157 0.458735
vn -0.3999096 -0.8431414 0.359423
vn -0.6224855 -0.7826313 -9.20575E-05
vn -0.1774617 -0.9841277 -3.775028E-05
vn -0.3401421 -0.940374 -5.345253E-05
vn -0.2900912 -0.8318935 -0.4730753
vn -0.711599 -0.5998029 0.3658732
vn -0.8170648 -0.5765458 1.059054E-06
vn -0.8899427 -0.4560723 5.570379E-05
vn -0.712221 -0.5994381 -0.3652608
vn -0.7350529 -0.4996687 -0.4582884
vn -0.5555866 -0.7041522 -0.442146
vn -0.5073819 -0.6368231 -0.5805342
vn -0.3999183 -0.8429994 -0.359746
vn 0.7817664 -0.02589047 0.6230336
vn 0.3380911 -0.9329348 -0.123803
vn 0.4722413 -0.8786508 0.07043492
vn 0.1427638 -0.9729276 0.181743
vn 0.9989758 0.03056633 0.03336401
vn 0.2538891 -0.8328714 -0.4917982
vn 0.8198949 -0.09667253 -0.5642931
vn 0.2182377 -0.789854 -0.5731516
vn 0.3723791 -0.2726943 0.8871142
vn 0.1262867 -0.9845905 0.1209678
vn 0.9986291 -0.0521491 -0.00451936
vn 0.3879405 -0.1964314 -0.9005093
vn 0.3137785 -0.1635326 -0.9353076
vn 0.3617859 -0.4442502 -0.8196052
vn 0.5679112 0.2401 -0.7872921
vn 0.8829599 0.3448656 -0.3185116
vn 0.3738464 0.6884916 -0.6214644
vn 0.7591869 -0.1714908 -0.6278744
vn 0.7637392 -0.07558267 0.6410847
vn 0.3225759 -0.5029032 -0.8018935
vn 0 0.8939576 -0.4481513
vn 0 0.8334368 -0.5526148
vn -0.3738464 0.6884916 -0.6214644
vn -0.8829599 0.3448656 -0.3185116
vn -0.5679112 0.2401 -0.7872921
vn -0.3617859 -0.4442502 -0.8196052
vn -0.3137785 -0.1635325 -0.9353074
vn 0 0.999312 -0.03708509
vn -0.3879405 -0.1964314 -0.9005093
vn -0.2182377 -0.789854 -0.5731516
vn -0.8198949 -0.09667254 -0.5642931
vn -0.253889 -0.8328714 -0.4917982
vn -0.9989758 0.03056634 0.03336402
vn -0.4722413 -0.8786508 0.07043494
vn -0.7817664 -0.02589046 0.6230336
vn -0.3380911 -0.9329346 -0.123803
vn -0.1214951 -0.9660624 0.2279523
vn -0.9986291 -0.0521491 -0.00451937
vn -0.7591869 -0.1714908 -0.6278743
vn -0.3723791 -0.2726943 0.8871142
vn -0.1778018 -0.9709819 0.1599395
vn -0.3225759 -0.5029032 -0.8018935
vn -0.7637392 -0.07558267 0.6410847
vn 0.06807487 -0.4355398 0.8975918
vn -0.08428147 -0.1349745 0.9872581
vn -0.7537159 -0.148684 0.6401606
vn -0.9947904 -0.09223665 -0.0434093
vn -0.1759127 -0.7040058 0.6880629
vn 0.448873 -0.7150934 0.535868
vn 0 -0.9939388 0.1099344
vn 0.4822274 -0.1941563 0.85426
vn 0 -0.6957788 0.7182561
vn -0.03497301 -0.2337064 0.971678
vn 0.1759127 -0.7040058 0.6880629
vn -0.448873 -0.7150934 0.535868
vn -0.06807487 -0.4355398 0.8975918
vn 0.08428145 -0.1349745 0.9872581
vn 0 -0.9589817 0.2834679
vn 0.7260068 -0.2403756 0.6443087
vn -0.4822274 -0.1941563 0.85426
vn 0.7537158 -0.148684 0.6401606
vn 0.03497298 -0.2337064 0.971678
vn -0.7260068 -0.2403756 0.6443087
vn 0.9947904 -0.09223665 -0.0434093
vn 0.992398 -0.09442785 -0.07892856
vn 0.6492148 -0.1127594 -0.7522005
vn 0.747428 -0.1703051 0.6421429
vn 0.9909467 -0.07197743 -0.1133313
vn 0.135721 -0.4902171 -0.8609686
vn 0.5998101 -0.03565934 -0.7993475
vn -0.004813477 -0.1494871 -0.9887519
vn -0.06136686 -0.6135942 -0.7872332
vn 0.009766469 -0.226016 0.9740747
vn 0.02710958 -0.2188491 0.975382
vn -0.7203043 -0.2279247 0.6551428
vn 0.7555321 -0.16659 0.6335762
vn 0.7555422 -0.1720615 0.6321003
vn -0.615995 -0.1886009 -0.7648397
vn -0.4061476 -0.6521885 -0.6400737
vn 0 -0.6348933 -0.7725998
vn 0 -0.7220691 -0.6918209
vn -0.9706246 -0.2088429 -0.1194685
vn -0.9705677 -0.1970957 -0.1383891
vn -0.7284586 -0.2325874 0.6443999
vn -0.7168099 -0.2652406 0.6448496
vn -0.9727774 -0.2238812 -0.05984313
vn -0.5747135 -0.1251868 -0.8087229
vn -0.6058988 -0.7931852 -0.06118663
vn 0.0005486794 -0.1255251 -0.9920903
vn 0 -0.9521689 -0.3055723
vn 0 -0.9997004 -0.02447619
vn 0.6058988 -0.7931852 -0.06118664
vn -0.4647617 -0.03821911 -0.8846105
vn 0.5139809 0.009618111 -0.8577477
vn 0.4061476 -0.6521885 -0.6400737
vn 0.9727774 -0.2238812 -0.05984316
vn -0.4482217 -0.04556005 -0.8927607
vn 0.4638115 -0.007219939 -0.8859046
vn 0.06136686 -0.6135942 -0.7872332
vn -0.9627044 -0.2055269 -0.1759515
vn 0.9871144 -0.06856903 -0.1445803
vn -0.9551064 -0.2338154 -0.1819401
vn -0.7523192 -0.2452842 0.611434
vn -0.4373456 -0.1372637 -0.8887562
vn 0.9822674 -0.08838652 -0.1653437
vn 0.787654 -0.1174774 0.6048141
vn 0.4631084 -0.07921972 -0.8827541
vn -0.943314 -0.2522546 -0.2157
vn -0.7725743 -0.1876489 0.6065614
vn 0.02527331 -0.1174672 0.9927551
vn 0.03297184 -0.1861023 0.981977
vn 0.0329438 -0.2478421 0.9682401
vn 0.802993 -0.1034294 0.5869452
vn 0.9657718 -0.1358961 -0.2209459
vn -0.4256783 -0.2223099 -0.877141
vn -0.7882099 -0.279606 0.5482203
vn 0.7954121 -0.2743866 0.5403996
vn 0.4341162 -0.1708731 -0.8845029
vn -0.8743365 -0.4408955 -0.2028466
vn 0.00551911 -0.171259 0.9852106
vn 0.8920894 -0.3977011 -0.2145004
vn -0.3969294 -0.4834306 -0.7802191
vn 0.4147435 -0.4522104 -0.7896162
vn -0.170516 -0.8716593 -0.4594934
vn -0.5030293 -0.7579673 0.4152677
vn 0.4959796 -0.7648792 0.4110526
vn 0.1916988 -0.8683728 -0.4573622
vn 0.4917349 -0.8643449 -0.1053795
vn -0.01020103 -0.6999702 0.7140992
vn -0.492992 -0.8636964 -0.1048212
vn 0.1909712 -0.9815554 -0.008887674
vn 0.1906663 -0.9816484 -0.003546908
vn 0.4062141 -0.8225652 0.3979656
vn 0.4800418 -0.7912456 -0.378801
vn 0.4102221 -0.8188005 0.4016013
vn 0.4256308 -0.8363841 -0.3453986
vn 0.8567556 -0.3169267 0.4068506
vn 0.8605106 -0.3592551 -0.3611886
vn 0.8326089 -0.3503053 0.4290089
vn 0.829876 -0.4047482 -0.3840375
vn 0.9974112 -0.07120202 0.01006198
vn 0.9958748 -0.08039117 -0.0420795
vn 0.3229143 0.4806158 0.8153127
vn -0.469928 -0.3381724 0.8153571
vn -0.07100514 0.07124991 0.994928
vn -0.4965596 -0.2640985 0.8268498
vn -0.6661569 -0.6440864 0.3760157
vn -0.6795963 -0.7331737 0.02459901
vn -0.4110909 -0.3564239 0.839027
vn 0.596876 0.7297896 0.3333861
vn 0.6344747 0.7728986 0.008354175
vn 0.6359735 0.7716624 0.008655638
vn 0.632645 0.7743706 0.01051608
vn 0.6040787 0.7305778 -0.3183472
vn 0.3642037 0.482622 -0.7965122
vn -0.4755397 -0.3468064 -0.8084475
vn -0.6710195 -0.6596271 -0.3385631
vn -0.5265472 -0.2524019 -0.8118136
vn -0.4003684 -0.3934373 -0.8275942
vn -0.04702463 0.06134977 -0.997008
vn 0.6897718 -0.1421235 0.7099406
vn 0.2882585 -0.3464697 0.8926734
vn -0.2106608 0.09046075 0.9733647
vn -0.59925 -0.2169169 0.7706144
vn -0.3631155 0.6585872 0.659098
vn 0.01751358 0.8806949 0.4733601
vn 0.5905043 0.5228956 0.6147234
vn 0.8141806 0.5773461 0.06149352
vn 0.9340426 0.1914732 0.3015001
vn 0.8381803 -0.157398 0.5221874
vn 0.2974152 -0.05804257 0.9529824
vn 0.06012777 -0.5420412 0.8381981
vn -0.220675 0.3776257 0.8992783
vn -0.1166337 0.7561201 0.6439556
vn 0.5198424 0.7292264 0.4449639
vn 0.4737688 0.8743232 -0.1053657
vn -0.5819778 -0.7968309 0.1623644
vn 0.07318452 -0.8744041 0.4796472
vn -0.01349531 -0.9982968 0.05675766
vn -0.5068079 -0.8286747 -0.2375796
vn -0.9209204 -0.3874957 0.04186636
vn -0.7640842 -0.2459824 0.5963791
vn -0.4811126 -0.6843985 0.5478405
vn -0.2296023 -0.4981411 0.8361448
vn 0.7414026 0.6635983 -0.09979734
vn 0.90049 0.03844956 -0.4331737
vn 0.9872393 0.1588524 -0.01115729
vn 0.7552535 0.5976995 0.2689748
vn 0.3156439 0.9487588 0.01501946
vn 0.6552386 0.5699538 -0.4957973
vn 0.4925454 0.3091671 -0.81352
vn 0.2032947 0.8269202 -0.5242845
vn 0.2802216 0.1924738 -0.9404413
vn 0.3803968 -0.6337799 -0.6735141
vn 0.6990985 -0.258661 -0.6666002
vn 0.6235842 0.4528795 -0.6372151
vn -0.1315781 0.6163699 -0.776386
vn -0.1243391 -0.2583045 -0.9580286
vn -0.3580954 -0.6550657 -0.6653245
vn -0.5866517 0.1116664 -0.8021038
vn -0.5786394 -0.8050636 -0.1305717
vn -0.7770733 -0.2661055 -0.5703901
vn -0.9162125 -0.4005916 -0.008997709
vn -0.4996042 -0.8249801 0.2642037
vn -0.009293612 -0.9997162 -0.02193186
vn 0.07935142 -0.8919875 -0.4450412
vn -0.4818095 -0.7061045 -0.5189182
vn -0.2279416 -0.5256149 -0.8196168
vn 0.2835067 0.1908551 0.9397863
vn 0.6921205 -0.2851098 0.6630849
vn 0.3518202 -0.6519288 0.6717228
vn 0.640085 0.4556765 0.6185871
vn -0.1408453 0.6209227 0.7711145
vn -0.1412211 -0.2643384 0.9540345
vn -0.3832905 -0.6527414 0.6534654
vn -0.5993942 0.1102011 0.7928318
vn 0.9023855 0.02648017 0.4301154
vn 0.7433008 0.662248 0.09450661
vn 0.9883931 0.1518668 0.003946048
vn 0.7532331 0.595154 -0.2800564
vn 0.3139868 0.9492367 -0.019025
vn 0.6565283 0.5646398 0.5001525
vn 0.4882482 0.29482 0.8213981
vn 0.1970645 0.8267528 0.5269209
vn 0.2079024 0.9610842 -0.1819171
vn 0.6012314 0.5144165 0.6114708
vn 0.5473894 0.6106917 0.5722066
vn -0.2870663 0.6008095 0.7460703
vn -0.1591521 0.1147917 0.9805577
vn -0.5710969 0.4986174 0.652096
vn -0.5109 -0.1780619 0.8409966
vn -0.2749265 0.06142218 0.9595013
vn -0.4896327 -0.3695462 0.789744
vn 0.3182144 0.7481553 0.5822399
vn 0.6161815 0.7104377 -0.3399978
vn -0.3880164 0.04322295 0.9206384
vn -0.2399997 -0.2782633 0.9300375
vn 0.09349879 0.4166519 -0.904245
vn -0.1743793 0.6885113 -0.7039489
vn 0.3494571 0.8723641 -0.3418489
vn -0.006895441 0.8716457 0.490088
vn -0.5261388 0.08568822 0.8460706
vn -0.5992291 0.7955718 0.08938687
vn -0.4812741 -0.05408191 0.8749002
vn -0.07495511 -0.0006691008 0.9971866
vn -0.9703081 0.2393683 0.03471139
vn -0.5088385 -0.03461106 0.8601659
vn -0.256509 0.1117567 0.9600592
vn -0.08475001 0.6143659 -0.7844564
vn -0.6130612 0.2515866 -0.7489059
vn -0.5950142 -0.04836312 0.8022588
vn -0.6979744 0.3716429 0.6121382
vn -0.8390448 0.1906771 0.5095549
vn -0.9967325 -0.0803353 -0.0084131
vn -0.5081828 -0.0652513 -0.8587739
vn -0.7596979 0.2447323 -0.602466
vn -0.9429837 -0.3288076 -0.05164515
vn -0.9109693 -0.3895368 0.1356321
vn -0.4303207 0.0797717 0.8991444
vn -0.4761347 0.04213411 0.8783624
vn -0.5072178 0.1304723 0.8518844
vn -0.473031 0.1789289 0.8626854
vn -0.4461097 0.2150461 0.8687585
vn -0.395209 0.1405261 0.9077787
vn -0.4267633 -0.07457907 0.901283
vn -0.3110122 0.02026899 0.9501897
vn -0.3605033 -0.03862588 0.9319579
vn -0.3569601 -0.07500211 0.9311038
vn -0.949196 0.2332669 0.2112191
vn -0.9938618 0.05333199 -0.09692494
vn -0.9052669 0.4164473 -0.08404483
vn -0.8527555 0.2804147 -0.4406537
vn -0.9795503 0.04693658 0.1956483
vn -0.9347501 0.04473318 0.3524789
vn -0.9805899 -0.1063781 0.1647034
vn -0.973383 -0.2021091 -0.1080619
vn -0.8801743 -0.1346146 -0.4551617
vn -0.8860133 0.0483626 -0.4611306
vn -0.7383097 0.0536168 -0.6723273
vn 0.555022 -0.7046149 0.442118
vn 0.2900563 -0.8319935 0.4729207
vn 0.5061599 -0.6375068 0.5808505
vn 0.7344021 -0.5002157 0.458735
vn 0.3999096 -0.8431414 0.359423
vn 0.6224855 -0.7826313 -9.206242E-05
vn 0.1774616 -0.9841277 -3.775027E-05
vn 0.3401421 -0.940374 -5.345513E-05
vn 0.2900911 -0.8318935 -0.4730753
vn 0.7115991 -0.599803 0.3658732
vn 0.8170648 -0.5765458 1.069437E-06
vn 0.8899427 -0.4560723 5.570379E-05
vn 0.7122208 -0.5994381 -0.3652608
vn 0.7350529 -0.4996687 -0.4582884
vn 0.5555866 -0.7041522 -0.442146
vn 0.5073818 -0.6368232 -0.5805343
vn 0.3999183 -0.8429994 -0.359746
vn -0.4062141 -0.8225652 0.3979656
vn -0.1906663 -0.9816484 -0.003546908
vn -0.1909712 -0.9815554 -0.008887674
vn -0.4800418 -0.7912456 -0.378801
vn -0.4102221 -0.8188005 0.4016013
vn -0.4256307 -0.8363841 -0.3453986
vn -0.8567556 -0.3169267 0.4068506
vn -0.8605107 -0.359255 -0.3611886
vn -0.8326089 -0.3503053 0.4290089
vn -0.829876 -0.4047482 -0.3840375
vn -0.9974112 -0.07120202 0.01006201
vn -0.9958748 -0.08039115 -0.04207947
vn -0.3229143 0.4806158 0.8153127
vn 0.07100515 0.07124991 0.994928
vn 0.469928 -0.3381724 0.8153571
vn 0.4965596 -0.2640985 0.8268498
vn 0.6661569 -0.6440864 0.3760157
vn 0.6795963 -0.7331737 0.02459901
vn 0.4110909 -0.3564239 0.839027
vn -0.6359735 0.7716624 0.008655638
vn -0.6344747 0.7728986 0.008354175
vn -0.596876 0.7297896 0.3333861
vn -0.632645 0.7743706 0.01051608
vn -0.6040787 0.7305778 -0.3183472
vn -0.3642037 0.482622 -0.7965122
vn 0.6710195 -0.6596271 -0.3385631
vn 0.4755397 -0.3468064 -0.8084475
vn 0.4003684 -0.3934373 -0.8275942
vn 0.5265472 -0.2524019 -0.8118136
vn 0.04702463 0.06134977 -0.997008
vn 0.2106609 0.09046078 0.9733647
vn -0.2882585 -0.3464697 0.8926734
vn -0.6897719 -0.1421235 0.7099406
vn 0.59925 -0.2169169 0.7706144
vn 0.3631155 0.6585872 0.659098
vn -0.01751358 0.8806949 0.47336
vn -0.5905043 0.5228957 0.6147233
vn -0.8141806 0.5773461 0.06149352
vn -0.2974152 -0.05804257 0.9529824
vn -0.8381803 -0.157398 0.5221874
vn -0.9340426 0.1914732 0.3015001
vn -0.06012777 -0.5420412 0.8381981
vn 0.220675 0.3776257 0.8992783
vn 0.1166337 0.7561201 0.6439556
vn -0.5198424 0.7292264 0.4449639
vn -0.4737688 0.8743232 -0.1053657
vn 0.5819778 -0.7968309 0.1623644
vn 0.01349532 -0.9982968 0.05675767
vn -0.07318451 -0.8744041 0.4796473
vn 0.5068079 -0.8286747 -0.2375796
vn 0.9209204 -0.3874956 0.04186637
vn 0.7640842 -0.2459823 0.5963791
vn 0.4811126 -0.6843985 0.5478405
vn 0.2296023 -0.4981411 0.8361448
vn -0.7414026 0.6635983 -0.09979734
vn -0.9872393 0.1588524 -0.01115729
vn -0.90049 0.03844956 -0.4331737
vn -0.7552535 0.5976995 0.2689748
vn -0.3156439 0.9487588 0.01501946
vn -0.6552386 0.5699538 -0.4957973
vn -0.4925454 0.3091671 -0.81352
vn -0.2032947 0.8269202 -0.5242845
vn -0.2802216 0.1924738 -0.9404413
vn -0.6990985 -0.258661 -0.6666002
vn -0.3803968 -0.6337799 -0.6735141
vn -0.6235842 0.4528795 -0.6372151
vn 0.1315781 0.6163698 -0.7763861
vn 0.124339 -0.2583045 -0.9580284
vn 0.3580954 -0.6550657 -0.6653245
vn 0.5866517 0.1116663 -0.8021038
vn 0.5786395 -0.8050636 -0.1305717
vn 0.9162125 -0.4005916 -0.008997695
vn 0.7770734 -0.2661055 -0.5703901
vn 0.4996042 -0.8249801 0.2642037
vn 0.009293612 -0.9997162 -0.02193186
vn -0.07935143 -0.8919875 -0.4450412
vn 0.4818095 -0.7061045 -0.5189182
vn 0.2279416 -0.5256149 -0.8196168
vn -0.3518202 -0.6519288 0.6717228
vn -0.6921205 -0.2851098 0.6630849
vn -0.2835067 0.1908551 0.9397863
vn -0.640085 0.4556765 0.6185871
vn 0.1408453 0.6209227 0.7711145
vn 0.141221 -0.2643384 0.9540345
vn 0.3832905 -0.6527414 0.6534654
vn 0.5993942 0.1102011 0.7928318
vn -0.7433008 0.662248 0.09450661
vn -0.9023855 0.02648017 0.4301154
vn -0.9883931 0.1518668 0.003946033
vn -0.7532331 0.595154 -0.2800564
vn -0.3139868 0.9492367 -0.019025
vn -0.6565283 0.5646398 0.5001525
vn -0.4882482 0.29482 0.8213981
vn -0.1970645 0.8267528 0.5269209
vn 0.1882921 0.1510586 -0.9704264
vn 0.02017744 -0.7206588 -0.6929962
vn 0.3920624 -0.7586367 -0.5203435
vn 0.1983941 -0.8869137 0.4171617
vn 0.5602114 -0.7509922 0.3495338
vn 0.2581159 -0.4113324 0.874175
vn 0.6742259 -0.3436096 0.6537215
vn 0.3166943 0.3267612 0.8904672
vn 0.8854948 -0.4641894 0.02066951
vn 0.8806927 -0.3850108 -0.2759478
vn 0.9511406 -0.2510487 0.1797394
vn 0.8952883 0.01439548 -0.4452546
vn 0.7208961 0.2868754 0.6308814
vn 0.2525262 0.8922474 0.3743331
vn 0.9888729 0.06163053 0.1353958
vn 0.3996536 0.1418858 -0.9056188
vn 0.9004119 0.3062385 -0.3089925
vn 0.6692718 0.7177374 0.1921673
vn 0.3535687 0.843263 -0.4048415
vn 0.9517036 0.298299 -0.0726485
vn 0.5805726 0.7636688 -0.2823926
vn -0.8300367 0.4882395 0.2695575
vn -0.9246035 -0.380349 0.02104501
vn -0.9346902 0.3552405 0.01258957
vn -0.8219404 0.5134514 -0.2465394
vn -0.6466843 -0.08440819 0.758073
vn -0.4353248 -0.9000679 0.01923887
vn -0.509857 0.8127556 0.2819116
vn -0.6639807 -0.1035023 -0.7405517
vn -0.5168791 0.8154354 -0.2605785
vn 0.0676977 0.6857911 -0.724643
vn -0.3343322 0.9424481 0.003678345
vn 0.3135283 0.9495782 0.001129524
vn 0.07947951 0.6772082 0.7314862
vn -0.1549955 -0.5773925 -0.8016198
vn -0.1781381 -0.580398 0.7946099
vn 0.5793198 0.294823 0.7599131
vn 0.5861285 0.2870443 -0.7576669
vn 0.8262538 0.5632948 -0.001890016
vn 0.4854965 0.3403503 0.8052669
vn 0.520267 0.3445959 -0.7813936
vn -0.2498519 -0.5610128 -0.7892013
vn -0.2530235 -0.5255691 0.8122538
vn 0.7752425 0.6316636 -0.0004335372
vn -0.5049748 -0.8628103 0.02364365
vn 0.4820716 0.392857 0.7831158
vn -0.3214304 -0.503394 -0.8020455
vn -0.325346 -0.4941323 0.8062155
vn 0.4887364 0.405636 -0.7723963
vn -0.6215147 -0.783183 0.0185454
vn 0.005803047 -0.7214239 0.6924695
vn 0.720037 0.6939352 -0.000726206
vn 0.02624191 -0.7232922 -0.6900433
vn 0.7457792 0.08642484 0.6605635
vn 0.746232 0.09374662 -0.6590519
vn -0.31174 -0.9501277 0.008688114
vn 0.4041151 -0.914705 0.002404861
vn 0.9299755 0.3676213 0.0004040193
vn 0.4511007 -0.8131958 0.3677238
vn 0.4594166 -0.8133093 -0.3570217
vn 0.8949634 -0.3045373 0.3260328
vn 0.955793 -0.2940401 0.0001994748
vn 0.897815 -0.301044 -0.3214045
vn 0.8300367 0.4882395 0.2695575
vn 0.9346902 0.3552405 0.01258958
vn 0.9246035 -0.380349 0.02104499
vn 0.8219404 0.5134514 -0.2465394
vn 0.6466843 -0.08440828 0.758073
vn 0.4353248 -0.9000679 0.01923886
vn 0.509857 0.8127556 0.2819116
vn 0.6639808 -0.1035023 -0.7405517
vn 0.5168792 0.8154354 -0.2605785
vn -0.06769771 0.6857911 -0.7246431
vn 0.3343322 0.9424481 0.003678321
vn -0.3135283 0.9495782 0.00112951
vn -0.07947951 0.6772082 0.7314862
vn 0.1549955 -0.5773925 -0.8016198
vn 0.1781381 -0.5803981 0.7946099
vn -0.5793198 0.294823 0.7599131
vn -0.5861285 0.2870443 -0.7576669
vn -0.8262539 0.5632948 -0.001890016
vn -0.4854965 0.3403503 0.8052669
vn -0.520267 0.3445959 -0.7813936
vn 0.2498519 -0.5610128 -0.7892013
vn 0.2530235 -0.525569 0.8122538
vn -0.7752425 0.6316636 -0.0004335421
vn 0.5049747 -0.8628103 0.02364366
vn -0.4820716 0.392857 0.7831158
vn 0.3214304 -0.503394 -0.8020455
vn 0.325346 -0.4941323 0.8062155
vn -0.4887364 0.405636 -0.7723963
vn 0.6215147 -0.783183 0.0185454
vn -0.005803047 -0.7214239 0.6924695
vn -0.720037 0.6939353 -0.0007262111
vn -0.02624191 -0.7232922 -0.6900433
vn -0.7457792 0.0864248 0.6605635
vn -0.746232 0.09374662 -0.6590519
vn 0.31174 -0.9501277 0.008688118
vn -0.4041152 -0.9147049 0.002404873
vn -0.9299755 0.3676213 0.0004040193
vn -0.4511007 -0.8131958 0.3677238
vn -0.4594166 -0.8133093 -0.3570217
vn -0.8949634 -0.3045373 0.3260328
vn -0.955793 -0.2940401 0.0001994803
vn -0.897815 -0.3010439 -0.3214045
vn -0.9897028 0.03985645 -0.1374771
vn -0.9849643 -0.1709615 0.02484673
vn -0.9981124 -0.004980513 -0.06121028
vn -0.6594692 -0.2893907 -0.6937965
vn -0.9560583 0.06760951 0.2852744
vn -0.9941351 0.0212877 -0.1060299
vn -0.9705288 0.1706457 0.1701579
vn -0.9783964 0.1783547 -0.1045474
vn 0.8699329 -0.04715969 -0.4909099
vn 0.9590666 -0.118454 -0.2572159
vn 0.9274796 0.03831042 -0.3719057
vn 0.8429935 -0.2241932 -0.4889778
vn 0.9788689 0.05690782 -0.1964107
vn 0.8694484 -0.3422396 -0.3562744
vn 0.9788164 -0.1863343 -0.08484109
vn 0.9272515 -0.3076998 -0.2133666
vn 0.8456166 -0.4813112 -0.2308075
vn 0 -0.9724475 -0.2331222
vn 0 -0.9998715 -0.01603041
vn 0.890615 -0.4540923 -0.02459871
vn -0.8456166 -0.4813112 -0.2308075
vn -0.135721 -0.4902171 -0.8609686
vn -0.890615 -0.4540923 -0.02459871
vn 0.9000192 0.4345735 -0.03333563
vn 0 0.9999965 -0.002650488
vn -0.9000192 0.4345735 -0.03333563
vn 0.8985092 0.4389468 0.002613414
vn -0.8985092 0.4389468 0.002613415
vn 0.615995 -0.1886009 -0.7648397
vn 0.8938791 -0.4482816 0.004884364
vn -0.8938789 -0.4482817 0.004884362
vn 0.9706246 -0.2088429 -0.1194685
vn 0 -0.9999971 0.002391661
vn 0 -0.9999505 0.009955245
vn 0.8909335 -0.4538206 0.01686337
vn -0.8909335 -0.4538206 0.01686336
vn 0.7203042 -0.2279247 0.6551428
vn 0.9705677 -0.1970957 -0.1383891
vn 0.5747135 -0.1251868 -0.8087229
vn 0.8910617 0.4535486 0.01739968
vn -0.8910617 0.4535487 0.01739968
vn 0 -0.9999995 0.001029506
vn 0.004813462 -0.1494871 -0.9887519
vn 0 0.9999305 0.01178896
vn 0.8891699 -0.4575611 0.003847133
vn -0.8891699 -0.4575611 0.003847133
vn -0.6492147 -0.1127593 -0.7522004
vn -0.992398 -0.09442785 -0.07892855
vn -0.5998101 -0.03565933 -0.7993475
vn -0.9909467 -0.07197743 -0.1133313
vn -0.747428 -0.1703051 0.6421429
vn -0.0005486987 -0.1255251 -0.9920903
vn -0.5139809 0.009618117 -0.8577477
vn 0.4647617 -0.0382191 -0.8846105
vn 0.4482217 -0.04556004 -0.8927607
vn -0.00976648 -0.226016 0.9740747
vn -0.02710957 -0.2188491 0.975382
vn -0.4638114 -0.007219933 -0.8859044
vn 0.7284586 -0.2325874 0.6443999
vn 0.7168099 -0.2652406 0.6448496
vn -0.7555321 -0.16659 0.6335762
vn -0.7555422 -0.1720615 0.6321003
vn 0.9627044 -0.2055269 -0.1759515
vn -0.9871144 -0.06856903 -0.1445803
vn -0.03294381 -0.2478421 0.9682401
vn -0.03297183 -0.1861023 0.981977
vn 0.7523192 -0.2452842 0.611434
vn -0.02527329 -0.1174672 0.9927551
vn -0.787654 -0.1174774 0.6048141
vn 0.9551064 -0.2338154 -0.1819401
vn -0.9822674 -0.08838652 -0.1653437
vn 0.4373456 -0.1372637 -0.8887562
vn 0.7725743 -0.1876489 0.6065614
vn 0.943314 -0.2522546 -0.2157
vn -0.4631084 -0.07921971 -0.8827541
vn -0.8029929 -0.1034294 0.5869452
vn -0.9657718 -0.1358961 -0.2209459
vn 0.4256784 -0.2223099 -0.877141
vn 0.7882099 -0.279606 0.5482203
vn -0.7954121 -0.2743866 0.5403996
vn -0.4341162 -0.1708731 -0.8845029
vn 0.8743365 -0.4408955 -0.2028466
vn -0.005519132 -0.171259 0.9852106
vn -0.8920894 -0.3977011 -0.2145004
vn 0.3969294 -0.4834306 -0.7802191
vn -0.4147435 -0.4522103 -0.7896162
vn 0.170516 -0.8716593 -0.4594935
vn 0.5030293 -0.7579673 0.4152677
vn -0.4959795 -0.7648792 0.4110526
vn -0.1916988 -0.8683728 -0.4573622
vn -0.4917348 -0.8643449 -0.1053795
vn 0.010201 -0.6999702 0.714099
vn 0.492992 -0.8636964 -0.1048212
vn 0.8844848 0.4665143 0.007132682
vn 0 0.9999639 0.008508616
vn -0.8844848 0.4665144 0.007132682
vn 0.8897478 -0.4537042 -0.05001393
vn 0.8719493 0.4867626 -0.05259811
vn 0 -0.9986858 -0.05125178
vn -0.8897478 -0.4537042 -0.05001394
vn -0.8719493 0.4867626 -0.05259812
vn 0 -0.8797879 -0.4753664
vn 0 0.9981306 -0.06111769
vn 0.7895312 -0.380472 -0.4815409
vn -0.7895312 -0.380472 -0.4815409
vn 0.7456827 0.4343006 -0.5053121
vn 0 -0.05481706 -0.9984964
vn -0.7456826 0.4343007 -0.5053121
vn 0 0.8531387 -0.5216842
vn -0.3492344 -0.9352498 -0.05782017
vn -0.557343 -0.8236304 -0.1048886
vn -0.4257106 -0.8423976 0.3303584
vn -0.2892427 -0.9343024 0.2083691
vn 2.603945E-05 -0.8446132 0.5353769
vn -0.1799331 -0.937621 -0.2974741
vn -0.2557366 -0.8555567 -0.4501351
vn 0.3489911 -0.9352999 -0.05847696
vn 0.1784194 -0.9377695 -0.2979175
vn 0.2546257 -0.8554928 -0.4508857
vn 0.5559469 -0.8243267 -0.1068106
vn 0.2893226 -0.9342841 0.2083403
vn 0.4257827 -0.8423548 0.3303747
vn 2.754105E-05 -0.9378543 0.3470292
vn -0.2324836 -0.9365644 -0.2622944
vn -0.3564436 -0.8300698 -0.428873
vn -0.5450532 -0.8382213 -0.01738184
vn -0.358063 -0.9335455 -0.01684863
vn -0.3518974 -0.840248 0.4124945
vn 0.06389109 -0.9381567 -0.3402644
vn 0.09567865 -0.8575102 -0.5054917
vn 0.3090371 -0.9358702 0.1692424
vn 0.331103 -0.9363617 -0.1166085
vn 0.494554 -0.8490601 -0.185778
vn 0.4954338 -0.8264032 0.2675876
vn 0.08210126 -0.9356905 0.3431366
vn 0.1100907 -0.8482882 0.5179644
vn -0.2315997 -0.9368456 0.2620722
vn -0.1881886 -0.9820449 -0.01314491
vn -0.2864987 -0.9574602 -0.03447647
vn -0.2357878 -0.9472537 0.2170587
vn -0.1413383 -0.9791768 0.1457267
vn 1.828119E-05 -0.9430104 0.3327632
vn -0.08118108 -0.9804024 -0.1795012
vn -0.1478958 -0.9558051 -0.2540934
vn 0.1880988 -0.982056 -0.01360194
vn 0.08055873 -0.9804174 -0.1796997
vn 0.147353 -0.9557562 -0.2545922
vn 0.2859377 -0.9575893 -0.03552859
vn 0.1415207 -0.9791641 0.1456354
vn 0.2359426 -0.9472448 0.2169292
vn 1.680314E-05 -0.9774995 0.2109372
vn -0.308801 -0.9358255 0.1699194
vn -0.4952407 -0.8257845 0.2698455
vn -0.1100485 -0.8483277 0.5179088
vn -0.08202392 -0.9357074 0.3431088
vn 0.3519434 -0.8402463 0.4124584
vn -0.3319484 -0.936219 -0.1153435
vn -0.494921 -0.8491313 -0.1844702
vn 0.2318442 -0.9366145 -0.2626816
vn -0.06536161 -0.9382867 -0.3396263
vn -0.09709751 -0.8574292 -0.5053585
vn 0.3540793 -0.8307824 -0.4294515
vn 0.3580989 -0.9335304 -0.01691684
vn 0.5451127 -0.8381816 -0.0174301
vn 0.2316419 -0.9368434 0.262043
vn 0.3492344 -0.9352498 -0.05782017
vn 0.2892427 -0.9343024 0.2083691
vn 0.4257106 -0.8423976 0.3303584
vn 0.557343 -0.8236304 -0.1048886
vn -2.603945E-05 -0.8446133 0.5353769
vn 0.1799331 -0.937621 -0.2974742
vn 0.2557366 -0.8555567 -0.4501351
vn -0.3489911 -0.9352999 -0.05847696
vn -0.1784194 -0.9377695 -0.2979175
vn -0.2546256 -0.8554928 -0.4508857
vn -0.5559469 -0.8243267 -0.1068106
vn -0.2893226 -0.9342841 0.2083402
vn -0.4257827 -0.8423549 0.3303747
vn -2.754105E-05 -0.9378543 0.3470292
vn 0.2324836 -0.9365644 -0.2622944
vn 0.358063 -0.9335455 -0.01684861
vn 0.5450532 -0.8382213 -0.01738182
vn 0.3564436 -0.8300698 -0.428873
vn 0.3518974 -0.840248 0.4124945
vn -0.06389108 -0.9381567 -0.3402644
vn -0.09567863 -0.8575103 -0.5054917
vn -0.3090371 -0.9358702 0.1692424
vn -0.331103 -0.9363617 -0.1166084
vn -0.4945539 -0.8490601 -0.1857779
vn -0.4954338 -0.8264032 0.2675876
vn -0.08210126 -0.9356905 0.3431366
vn -0.1100907 -0.8482882 0.5179644
vn 0.2315997 -0.9368456 0.2620722
vn 0.1881886 -0.9820449 -0.01314491
vn 0.1413383 -0.9791768 0.1457267
vn 0.2357879 -0.9472537 0.2170588
vn 0.2864988 -0.9574602 -0.03447646
vn -1.828119E-05 -0.9430104 0.3327633
vn 0.08118108 -0.9804024 -0.1795012
vn 0.1478958 -0.9558051 -0.2540934
vn -0.1880988 -0.982056 -0.01360193
vn -0.08055875 -0.9804174 -0.1796997
vn -0.1473531 -0.9557562 -0.2545922
vn -0.2859377 -0.9575893 -0.03552857
vn -0.1415207 -0.9791641 0.1456354
vn -0.2359426 -0.9472448 0.2169292
vn -1.680314E-05 -0.9774995 0.2109372
vn 0.308801 -0.9358255 0.1699195
vn 0.08202395 -0.9357074 0.3431088
vn 0.1100485 -0.8483277 0.5179088
vn 0.4952407 -0.8257845 0.2698455
vn -0.3519434 -0.8402463 0.4124584
vn 0.3319483 -0.936219 -0.1153435
vn 0.4949209 -0.8491313 -0.1844702
vn -0.2318442 -0.9366145 -0.2626816
vn 0.06536161 -0.9382867 -0.3396263
vn 0.09709752 -0.8574292 -0.5053586
vn -0.3540793 -0.8307824 -0.4294515
vn -0.3580989 -0.9335304 -0.01691683
vn -0.5451127 -0.8381816 -0.01743009
vn -0.2316419 -0.9368434 0.262043
g PC0017_0
f 3/3/3 2/2/2 1/1/1
f 6/6/6 5/5/5 4/4/4
f 9/9/9 8/8/8 7/7/7
f 12/12/12 11/11/11 10/10/10
f 15/15/15 14/14/14 13/13/13
f 18/18/18 17/17/17 16/16/16
f 21/21/21 20/20/20 19/19/19
f 24/24/24 23/23/23 22/22/22
f 27/27/27 26/26/26 25/25/25
f 30/30/30 29/29/29 28/28/28
f 33/33/33 32/32/32 31/31/31
f 36/36/36 35/35/35 34/34/34
f 39/39/39 38/38/38 37/37/37
f 42/42/42 41/41/41 40/40/40
f 45/45/45 44/44/44 43/43/43
f 45/45/45 43/43/43 46/46/46
f 47/47/47 45/45/45 46/46/46
f 47/47/47 48/48/48 45/45/45
f 48/48/48 49/49/49 45/45/45
f 50/50/50 45/45/45 49/49/49
f 53/53/53 52/52/52 51/51/51
f 54/54/54 52/52/52 53/53/53
f 55/55/55 52/52/52 54/54/54
f 58/58/58 57/57/57 56/56/56
f 59/59/59 58/58/58 56/56/56
f 58/58/58 59/59/59 60/60/60
f 61/61/61 58/58/58 60/60/60
f 60/60/60 59/59/59 62/62/62
f 63/63/63 59/59/59 56/56/56
f 59/59/59 63/63/63 62/62/62
f 64/64/64 63/63/63 56/56/56
f 62/62/62 63/63/63 65/65/65
f 65/65/65 63/63/63 64/64/64
f 68/68/68 67/67/67 66/66/66
f 69/69/69 68/68/68 66/66/66
f 69/69/69 66/66/66 70/70/70
f 71/71/71 69/69/69 70/70/70
f 72/72/72 71/71/71 70/70/70
f 75/75/75 74/74/74 73/73/73
f 74/74/74 76/76/76 73/73/73
f 76/76/76 77/77/77 73/73/73
f 73/73/73 77/77/77 78/78/78
f 79/79/79 78/78/78 77/77/77
f 80/80/80 78/78/78 79/79/79
f 81/81/81 80/80/80 79/79/79
f 82/82/82 81/81/81 79/79/79
f 80/80/80 81/81/81 83/83/83
f 81/81/81 82/82/82 83/83/83
f 84/84/84 80/80/80 83/83/83
f 85/85/85 84/84/84 83/83/83
f 85/85/85 86/86/86 84/84/84
f 87/87/87 79/79/79 77/77/77
f 88/88/88 82/82/82 79/79/79
f 87/87/87 88/88/88 79/79/79
f 82/82/82 89/89/89 83/83/83
f 90/90/90 85/85/85 83/83/83
f 89/89/89 90/90/90 83/83/83
f 85/85/85 91/91/91 86/86/86
f 91/91/91 92/92/92 86/86/86
f 92/92/92 93/93/93 86/86/86
f 77/77/77 94/94/94 87/87/87
f 94/94/94 95/95/95 87/87/87
f 95/95/95 96/96/96 87/87/87
f 96/96/96 88/88/88 87/87/87
f 97/97/97 94/94/94 77/77/77
f 98/98/98 94/94/94 97/97/97
f 97/97/97 99/99/99 98/98/98
f 99/99/99 100/100/100 98/98/98
f 101/101/101 100/100/100 99/99/99
f 96/96/96 102/102/102 88/88/88
f 101/101/101 102/102/102 96/96/96
f 77/77/77 103/103/103 97/97/97
f 103/103/103 77/77/77 76/76/76
f 103/103/103 104/104/104 97/97/97
f 97/97/97 104/104/104 99/99/99
f 88/88/88 102/102/102 105/105/105
f 88/88/88 105/105/105 82/82/82
f 106/106/106 102/102/102 101/101/101
f 106/106/106 101/101/101 99/99/99
f 107/107/107 103/103/103 76/76/76
f 103/103/103 107/107/107 104/104/104
f 102/102/102 108/108/108 105/105/105
f 108/108/108 102/102/102 106/106/106
f 109/109/109 105/105/105 108/108/108
f 105/105/105 110/110/110 82/82/82
f 110/110/110 105/105/105 109/109/109
f 110/110/110 111/111/111 82/82/82
f 111/111/111 110/110/110 112/112/112
f 111/111/111 89/89/89 82/82/82
f 113/113/113 110/110/110 109/109/109
f 110/110/110 113/113/113 112/112/112
f 113/113/113 109/109/109 114/114/114
f 113/113/113 114/114/114 112/112/112
f 89/89/89 111/111/111 115/115/115
f 111/111/111 112/112/112 116/116/116
f 111/111/111 116/116/116 115/115/115
f 115/115/115 117/117/117 89/89/89
f 90/90/90 89/89/89 117/117/117
f 118/118/118 90/90/90 117/117/117
f 118/118/118 119/119/119 90/90/90
f 115/115/115 120/120/120 117/117/117
f 119/119/119 85/85/85 90/90/90
f 115/115/115 121/121/121 120/120/120
f 115/115/115 116/116/116 121/121/121
f 120/120/120 121/121/121 122/122/122
f 123/123/123 120/120/120 122/122/122
f 123/123/123 122/122/122 124/124/124
f 119/119/119 124/124/124 125/125/125
f 119/119/119 125/125/125 85/85/85
f 122/122/122 125/125/125 124/124/124
f 85/85/85 125/125/125 126/126/126
f 85/85/85 126/126/126 91/91/91
f 125/125/125 127/127/127 126/126/126
f 125/125/125 122/122/122 127/127/127
f 126/126/126 128/128/128 91/91/91
f 126/126/126 127/127/127 128/128/128
f 122/122/122 129/129/129 127/127/127
f 121/121/121 130/130/130 122/122/122
f 129/129/129 122/122/122 130/130/130
f 127/127/127 131/131/131 128/128/128
f 131/131/131 127/127/127 129/129/129
f 132/132/132 131/131/131 129/129/129
f 130/130/130 133/133/133 129/129/129
f 132/132/132 129/129/129 133/133/133
f 134/134/134 128/128/128 131/131/131
f 134/134/134 131/131/131 132/132/132
f 128/128/128 135/135/135 91/91/91
f 134/134/134 136/136/136 128/128/128
f 136/136/136 135/135/135 128/128/128
f 135/135/135 137/137/137 91/91/91
f 138/138/138 91/91/91 137/137/137
f 76/76/76 138/138/138 137/137/137
f 76/76/76 137/137/137 135/135/135
f 107/107/107 76/76/76 135/135/135
f 107/107/107 135/135/135 136/136/136
f 139/139/139 107/107/107 136/136/136
f 136/136/136 134/134/134 140/140/140
f 139/139/139 136/136/136 140/140/140
f 107/107/107 139/139/139 141/141/141
f 107/107/107 141/141/141 104/104/104
f 104/104/104 141/141/141 142/142/142
f 104/104/104 142/142/142 99/99/99
f 141/141/141 139/139/139 143/143/143
f 141/141/141 143/143/143 142/142/142
f 99/99/99 142/142/142 144/144/144
f 144/144/144 106/106/106 99/99/99
f 142/142/142 143/143/143 145/145/145
f 145/145/145 144/144/144 142/142/142
f 139/139/139 146/146/146 143/143/143
f 147/147/147 139/139/139 140/140/140
f 147/147/147 146/146/146 139/139/139
f 143/143/143 148/148/148 145/145/145
f 143/143/143 146/146/146 148/148/148
f 134/134/134 149/149/149 140/140/140
f 147/147/147 140/140/140 150/150/150
f 140/140/140 149/149/149 150/150/150
f 146/146/146 147/147/147 151/151/151
f 151/151/151 147/147/147 150/150/150
f 152/152/152 149/149/149 134/134/134
f 152/152/152 134/134/134 132/132/132
f 149/149/149 153/153/153 150/150/150
f 149/149/149 152/152/152 153/153/153
f 152/152/152 132/132/132 154/154/154
f 154/154/154 132/132/132 133/133/133
f 148/148/148 146/146/146 155/155/155
f 155/155/155 146/146/146 151/151/151
f 150/150/150 156/156/156 151/151/151
f 150/150/150 153/153/153 156/156/156
f 156/156/156 157/157/157 151/151/151
f 153/153/153 158/158/158 156/156/156
f 157/157/157 159/159/159 151/151/151
f 159/159/159 155/155/155 151/151/151
f 158/158/158 153/153/153 160/160/160
f 152/152/152 161/161/161 153/153/153
f 153/153/153 161/161/161 160/160/160
f 152/152/152 154/154/154 161/161/161
f 162/162/162 155/155/155 159/159/159
f 163/163/163 162/162/162 159/159/159
f 164/164/164 148/148/148 155/155/155
f 164/164/164 155/155/155 162/162/162
f 160/160/160 161/161/161 165/165/165
f 166/166/166 160/160/160 165/165/165
f 154/154/154 167/167/167 161/161/161
f 161/161/161 167/167/167 165/165/165
f 168/168/168 162/162/162 163/163/163
f 169/169/169 168/168/168 163/163/163
f 170/170/170 148/148/148 164/164/164
f 170/170/170 145/145/145 148/148/148
f 170/170/170 164/164/164 171/171/171
f 172/172/172 164/164/164 162/162/162
f 164/164/164 172/172/172 171/171/171
f 162/162/162 168/168/168 172/172/172
f 172/172/172 173/173/173 171/171/171
f 168/168/168 173/173/173 172/172/172
f 173/173/173 174/174/174 171/171/171
f 154/154/154 175/175/175 167/167/167
f 133/133/133 175/175/175 154/154/154
f 175/175/175 176/176/176 167/167/167
f 168/168/168 169/169/169 177/177/177
f 169/169/169 178/178/178 177/177/177
f 177/177/177 178/178/178 179/179/179
f 180/180/180 174/174/174 173/173/173
f 180/180/180 181/181/181 174/174/174
f 173/173/173 168/168/168 182/182/182
f 168/168/168 177/177/177 182/182/182
f 182/182/182 180/180/180 173/173/173
f 176/176/176 183/183/183 167/167/167
f 167/167/167 183/183/183 165/165/165
f 177/177/177 184/184/184 182/182/182
f 182/182/182 184/184/184 180/180/180
f 185/185/185 177/177/177 179/179/179
f 184/184/184 177/177/177 185/185/185
f 186/186/186 183/183/183 176/176/176
f 187/187/187 186/186/186 176/176/176
f 188/188/188 165/165/165 183/183/183
f 186/186/186 188/188/188 183/183/183
f 166/166/166 165/165/165 188/188/188
f 189/189/189 166/166/166 188/188/188
f 186/186/186 187/187/187 190/190/190
f 191/191/191 190/190/190 187/187/187
f 186/186/186 192/192/192 188/188/188
f 192/192/192 186/186/186 190/190/190
f 189/189/189 188/188/188 193/193/193
f 192/192/192 193/193/193 188/188/188
f 193/193/193 185/185/185 179/179/179
f 194/194/194 189/189/189 193/193/193
f 194/194/194 193/193/193 179/179/179
f 195/195/195 193/193/193 192/192/192
f 195/195/195 192/192/192 190/190/190
f 193/193/193 195/195/195 185/185/185
f 196/196/196 190/190/190 191/191/191
f 196/196/196 195/195/195 190/190/190
f 195/195/195 197/197/197 185/185/185
f 197/197/197 184/184/184 185/185/185
f 197/197/197 195/195/195 198/198/198
f 184/184/184 197/197/197 198/198/198
f 195/195/195 196/196/196 198/198/198
f 198/198/198 196/196/196 199/199/199
f 200/200/200 184/184/184 198/198/198
f 200/200/200 198/198/198 199/199/199
f 184/184/184 200/200/200 180/180/180
f 180/180/180 200/200/200 181/181/181
f 196/196/196 191/191/191 201/201/201
f 196/196/196 201/201/201 199/199/199
f 181/181/181 200/200/200 202/202/202
f 202/202/202 200/200/200 199/199/199
f 191/191/191 203/203/203 201/201/201
f 204/204/204 203/203/203 191/191/191
f 205/205/205 181/181/181 202/202/202
f 205/205/205 206/206/206 181/181/181
f 207/207/207 202/202/202 199/199/199
f 205/205/205 202/202/202 207/207/207
f 201/201/201 208/208/208 199/199/199
f 201/201/201 203/203/203 208/208/208
f 209/209/209 207/207/207 199/199/199
f 208/208/208 209/209/209 199/199/199
f 207/207/207 209/209/209 210/210/210
f 209/209/209 208/208/208 210/210/210
f 204/204/204 211/211/211 203/203/203
f 212/212/212 211/211/211 204/204/204
f 213/213/213 212/212/212 204/204/204
f 214/214/214 212/212/212 213/213/213
f 215/215/215 214/214/214 213/213/213
f 215/215/215 216/216/216 214/214/214
f 216/216/216 217/217/217 214/214/214
f 217/217/217 216/216/216 218/218/218
f 219/219/219 217/217/217 218/218/218
f 211/211/211 220/220/220 203/203/203
f 203/203/203 220/220/220 208/208/208
f 211/211/211 221/221/221 220/220/220
f 222/222/222 219/219/219 218/218/218
f 133/133/133 222/222/222 218/218/218
f 130/130/130 222/222/222 133/133/133
f 222/222/222 223/223/223 219/219/219
f 130/130/130 223/223/223 222/222/222
f 130/130/130 121/121/121 223/223/223
f 223/223/223 224/224/224 219/219/219
f 225/225/225 208/208/208 220/220/220
f 208/208/208 225/225/225 210/210/210
f 221/221/221 226/226/226 220/220/220
f 226/226/226 225/225/225 220/220/220
f 121/121/121 227/227/227 223/223/223
f 116/116/116 227/227/227 121/121/121
f 224/224/224 223/223/223 228/228/228
f 223/223/223 227/227/227 228/228/228
f 229/229/229 224/224/224 228/228/228
f 230/230/230 224/224/224 229/229/229
f 227/227/227 231/231/231 228/228/228
f 230/230/230 229/229/229 232/232/232
f 230/230/230 232/232/232 221/221/221
f 232/232/232 226/226/226 221/221/221
f 232/232/232 233/233/233 226/226/226
f 225/225/225 226/226/226 233/233/233
f 231/231/231 227/227/227 234/234/234
f 227/227/227 116/116/116 235/235/235
f 227/227/227 235/235/235 234/234/234
f 235/235/235 236/236/236 234/234/234
f 237/237/237 236/236/236 235/235/235
f 112/112/112 235/235/235 116/116/116
f 112/112/112 237/237/237 235/235/235
f 238/238/238 237/237/237 112/112/112
f 114/114/114 238/238/238 112/112/112
f 238/238/238 114/114/114 239/239/239
f 240/240/240 233/233/233 239/239/239
f 240/240/240 225/225/225 233/233/233
f 240/240/240 239/239/239 241/241/241
f 114/114/114 241/241/241 239/239/239
f 225/225/225 240/240/240 242/242/242
f 242/242/242 240/240/240 241/241/241
f 210/210/210 225/225/225 242/242/242
f 210/210/210 242/242/242 243/243/243
f 243/243/243 207/207/207 210/210/210
f 242/242/242 241/241/241 244/244/244
f 242/242/242 244/244/244 243/243/243
f 245/245/245 241/241/241 114/114/114
f 241/241/241 245/245/245 244/244/244
f 246/246/246 245/245/245 114/114/114
f 247/247/247 244/244/244 245/245/245
f 244/244/244 247/247/247 243/243/243
f 109/109/109 246/246/246 114/114/114
f 248/248/248 246/246/246 109/109/109
f 248/248/248 109/109/109 249/249/249
f 250/250/250 248/248/248 249/249/249
f 249/249/249 109/109/109 108/108/108
f 250/250/250 249/249/249 251/251/251
f 108/108/108 252/252/252 249/249/249
f 249/249/249 252/252/252 251/251/251
f 252/252/252 253/253/253 251/251/251
f 252/252/252 108/108/108 106/106/106
f 254/254/254 253/253/253 252/252/252
f 252/252/252 106/106/106 255/255/255
f 255/255/255 254/254/254 252/252/252
f 106/106/106 144/144/144 255/255/255
f 255/255/255 256/256/256 254/254/254
f 256/256/256 257/257/257 254/254/254
f 256/256/256 258/258/258 257/257/257
f 257/257/257 258/258/258 259/259/259
f 260/260/260 256/256/256 255/255/255
f 259/259/259 258/258/258 261/261/261
f 255/255/255 144/144/144 262/262/262
f 262/262/262 260/260/260 255/255/255
f 262/262/262 144/144/144 145/145/145
f 145/145/145 263/263/263 262/262/262
f 263/263/263 260/260/260 262/262/262
f 260/260/260 263/263/263 264/264/264
f 263/263/263 265/265/265 264/264/264
f 266/266/266 264/264/264 265/265/265
f 267/267/267 266/266/266 265/265/265
f 266/266/266 267/267/267 268/268/268
f 269/269/269 266/266/266 268/268/268
f 269/269/269 268/268/268 206/206/206
f 270/270/270 269/269/269 206/206/206
f 270/270/270 206/206/206 205/205/205
f 271/271/271 270/270/270 205/205/205
f 271/271/271 205/205/205 207/207/207
f 261/261/261 270/270/270 271/271/271
f 271/271/271 207/207/207 243/243/243
f 272/272/272 261/261/261 271/271/271
f 272/272/272 271/271/271 243/243/243
f 272/272/272 259/259/259 261/261/261
f 247/247/247 272/272/272 243/243/243
f 247/247/247 259/259/259 272/272/272
f 275/275/275 274/274/274 273/273/273
f 274/274/274 276/276/276 273/273/273
f 276/276/276 274/274/274 277/277/277
f 273/273/273 276/276/276 278/278/278
f 277/277/277 279/279/279 276/276/276
f 276/276/276 280/280/280 278/278/278
f 279/279/279 280/280/280 276/276/276
f 280/280/280 281/281/281 278/278/278
f 281/281/281 282/282/282 278/278/278
f 283/283/283 280/280/280 279/279/279
f 283/283/283 279/279/279 284/284/284
f 281/281/281 285/285/285 282/282/282
f 285/285/285 286/286/286 282/282/282
f 285/285/285 281/281/281 287/287/287
f 288/288/288 287/287/287 281/281/281
f 280/280/280 288/288/288 281/281/281
f 280/280/280 283/283/283 288/288/288
f 288/288/288 283/283/283 289/289/289
f 290/290/290 283/283/283 284/284/284
f 283/283/283 290/290/290 289/289/289
f 290/290/290 284/284/284 291/291/291
f 290/290/290 291/291/291 289/289/289
f 284/284/284 292/292/292 291/291/291
f 291/291/291 293/293/293 289/289/289
f 291/291/291 292/292/292 294/294/294
f 293/293/293 291/291/291 294/294/294
f 292/292/292 295/295/295 294/294/294
f 296/296/296 293/293/293 294/294/294
f 294/294/294 295/295/295 297/297/297
f 296/296/296 294/294/294 297/297/297
f 295/295/295 298/298/298 297/297/297
f 297/297/297 298/298/298 299/299/299
f 300/300/300 296/296/296 297/297/297
f 297/297/297 299/299/299 300/300/300
f 298/298/298 301/301/301 299/299/299
f 298/298/298 302/302/302 301/301/301
f 299/299/299 303/303/303 300/300/300
f 304/304/304 300/300/300 303/303/303
f 301/301/301 302/302/302 305/305/305
f 302/302/302 306/306/306 305/305/305
f 303/303/303 307/307/307 304/304/304
f 307/307/307 308/308/308 304/304/304
f 309/309/309 305/305/305 306/306/306
f 310/310/310 309/309/309 306/306/306
f 307/307/307 311/311/311 308/308/308
f 311/311/311 312/312/312 308/308/308
f 313/313/313 309/309/309 310/310/310
f 314/314/314 313/313/313 310/310/310
f 311/311/311 315/315/315 312/312/312
f 315/315/315 316/316/316 312/312/312
f 317/317/317 313/313/313 314/314/314
f 318/318/318 317/317/317 314/314/314
f 315/315/315 319/319/319 316/316/316
f 319/319/319 320/320/320 316/316/316
f 321/321/321 317/317/317 318/318/318
f 322/322/322 321/321/321 318/318/318
f 319/319/319 323/323/323 320/320/320
f 323/323/323 324/324/324 320/320/320
f 322/322/322 325/325/325 321/321/321
f 326/326/326 325/325/325 322/322/322
f 327/327/327 325/325/325 326/326/326
f 325/325/325 328/328/328 321/321/321
f 328/328/328 325/325/325 327/327/327
f 329/329/329 321/321/321 328/328/328
f 317/317/317 321/321/321 329/329/329
f 330/330/330 328/328/328 327/327/327
f 331/331/331 317/317/317 329/329/329
f 330/330/330 327/327/327 332/332/332
f 313/313/313 317/317/317 331/331/331
f 333/333/333 330/330/330 332/332/332
f 334/334/334 313/313/313 331/331/331
f 309/309/309 313/313/313 334/334/334
f 335/335/335 309/309/309 334/334/334
f 305/305/305 309/309/309 335/335/335
f 336/336/336 305/305/305 335/335/335
f 333/333/333 332/332/332 337/337/337
f 305/305/305 336/336/336 301/301/301
f 336/336/336 338/338/338 301/301/301
f 301/301/301 338/338/338 339/339/339
f 340/340/340 333/333/333 337/337/337
f 301/301/301 339/339/339 299/299/299
f 339/339/339 341/341/341 299/299/299
f 341/341/341 342/342/342 299/299/299
f 342/342/342 303/303/303 299/299/299
f 343/343/343 303/303/303 342/342/342
f 343/343/343 344/344/344 303/303/303
f 344/344/344 307/307/307 303/303/303
f 344/344/344 345/345/345 307/307/307
f 345/345/345 311/311/311 307/307/307
f 345/345/345 346/346/346 311/311/311
f 346/346/346 315/315/315 311/311/311
f 346/346/346 347/347/347 315/315/315
f 347/347/347 319/319/319 315/315/315
f 347/347/347 348/348/348 319/319/319
f 348/348/348 323/323/323 319/319/319
f 323/323/323 348/348/348 349/349/349
f 323/323/323 349/349/349 350/350/350
f 324/324/324 323/323/323 350/350/350
f 350/350/350 351/351/351 324/324/324
f 350/350/350 352/352/352 351/351/351
f 352/352/352 350/350/350 349/349/349
f 353/353/353 352/352/352 349/349/349
f 354/354/354 352/352/352 353/353/353
f 355/355/355 354/354/354 353/353/353
f 356/356/356 354/354/354 355/355/355
f 357/357/357 356/356/356 355/355/355
f 357/357/357 358/358/358 356/356/356
f 358/358/358 359/359/359 356/356/356
f 359/359/359 360/360/360 356/356/356
f 359/359/359 361/361/361 360/360/360
f 361/361/361 359/359/359 358/358/358
f 362/362/362 361/361/361 358/358/358
f 363/363/363 361/361/361 362/362/362
f 364/364/364 363/363/363 362/362/362
f 364/364/364 365/365/365 363/363/363
f 365/365/365 366/366/366 363/363/363
f 365/365/365 367/367/367 366/366/366
f 367/367/367 368/368/368 366/366/366
f 366/366/366 368/368/368 369/369/369
f 369/369/369 368/368/368 337/337/337
f 368/368/368 367/367/367 337/337/337
f 367/367/367 340/340/340 337/337/337
f 372/372/372 371/371/371 370/370/370
f 371/371/371 372/372/372 373/373/373
f 373/373/373 374/374/374 371/371/371
f 377/377/377 376/376/376 375/375/375
f 376/376/376 378/378/378 375/375/375
f 376/376/376 379/379/379 378/378/378
f 379/379/379 380/380/380 378/378/378
f 380/380/380 379/379/379 381/381/381
f 379/379/379 382/382/382 381/381/381
f 383/383/383 381/381/381 382/382/382
f 384/384/384 383/383/383 382/382/382
f 387/387/387 386/386/386 385/385/385
f 386/386/386 388/388/388 385/385/385
f 389/389/389 388/388/388 386/386/386
f 392/392/392 391/391/391 390/390/390
f 391/391/391 393/393/393 390/390/390
f 394/394/394 393/393/393 391/391/391
f 397/397/397 396/396/396 395/395/395
f 396/396/396 398/398/398 395/395/395
f 399/399/399 398/398/398 396/396/396
f 402/402/402 401/401/401 400/400/400
f 402/402/402 403/403/403 401/401/401
f 401/401/401 403/403/403 404/404/404
f 402/402/402 405/405/405 403/403/403
f 404/404/404 403/403/403 406/406/406
f 403/403/403 405/405/405 407/407/407
f 406/406/406 403/403/403 407/407/407
f 407/407/407 405/405/405 408/408/408
f 405/405/405 409/409/409 408/408/408
f 410/410/410 409/409/409 405/405/405
f 411/411/411 407/407/407 408/408/408
f 406/406/406 407/407/407 411/411/411
f 412/412/412 408/408/408 409/409/409
f 412/412/412 409/409/409 413/413/413
f 414/414/414 409/409/409 410/410/410
f 414/414/414 410/410/410 415/415/415
f 409/409/409 414/414/414 416/416/416
f 416/416/416 413/413/413 409/409/409
f 417/417/417 406/406/406 411/411/411
f 418/418/418 417/417/417 411/411/411
f 416/416/416 419/419/419 413/413/413
f 419/419/419 420/420/420 413/413/413
f 406/406/406 417/417/417 421/421/421
f 421/421/421 404/404/404 406/406/406
f 422/422/422 417/417/417 418/418/418
f 417/417/417 422/422/422 421/421/421
f 423/423/423 422/422/422 418/418/418
f 423/423/423 424/424/424 422/422/422
f 424/424/424 425/425/425 422/422/422
f 424/424/424 420/420/420 425/425/425
f 422/422/422 425/425/425 421/421/421
f 426/426/426 425/425/425 420/420/420
f 425/425/425 426/426/426 421/421/421
f 419/419/419 426/426/426 420/420/420
f 404/404/404 421/421/421 426/426/426
f 416/416/416 427/427/427 419/419/419
f 427/427/427 426/426/426 419/419/419
f 427/427/427 404/404/404 426/426/426
f 427/427/427 416/416/416 428/428/428
f 429/429/429 404/404/404 427/427/427
f 429/429/429 427/427/427 428/428/428
f 429/429/429 428/428/428 430/430/430
f 433/433/433 432/432/432 431/431/431
f 434/434/434 433/433/433 431/431/431
f 437/437/437 436/436/436 435/435/435
f 438/438/438 437/437/437 435/435/435
f 441/441/441 440/440/440 439/439/439
f 442/442/442 441/441/441 439/439/439
f 445/445/445 444/444/444 443/443/443
f 446/446/446 445/445/445 443/443/443
f 449/449/449 448/448/448 447/447/447
f 450/450/450 449/449/449 447/447/447
f 453/453/453 452/452/452 451/451/451
f 454/454/454 453/453/453 451/451/451
f 457/457/457 456/456/456 455/455/455
f 458/458/458 457/457/457 455/455/455
f 461/461/461 460/460/460 459/459/459
f 462/462/462 461/461/461 459/459/459
f 465/465/465 464/464/464 463/463/463
f 464/464/464 466/466/466 463/463/463
f 464/464/464 467/467/467 466/466/466
f 467/467/467 468/468/468 466/466/466
f 466/466/466 468/468/468 469/469/469
f 470/470/470 466/466/466 469/469/469
f 463/463/463 466/466/466 470/470/470
f 471/471/471 463/463/463 470/470/470
f 474/474/474 473/473/473 472/472/472
f 475/475/475 474/474/474 472/472/472
f 478/478/478 477/477/477 476/476/476
f 479/479/479 478/478/478 476/476/476
f 482/482/482 481/481/481 480/480/480
f 483/483/483 482/482/482 480/480/480
f 486/486/486 485/485/485 484/484/484
f 487/487/487 486/486/486 484/484/484
f 490/490/490 489/489/489 488/488/488
f 491/491/491 490/490/490 488/488/488
f 494/494/494 493/493/493 492/492/492
f 495/495/495 494/494/494 492/492/492
f 498/498/498 497/497/497 496/496/496
f 499/499/499 498/498/498 496/496/496
f 502/502/502 501/501/501 500/500/500
f 503/503/503 502/502/502 500/500/500
f 506/506/506 505/505/505 504/504/504
f 507/507/507 506/506/506 504/504/504
f 507/507/507 504/504/504 508/508/508
f 504/504/504 509/509/509 508/508/508
f 506/506/506 507/507/507 510/510/510
f 510/510/510 507/507/507 508/508/508
f 511/511/511 506/506/506 510/510/510
f 512/512/512 510/510/510 508/508/508
f 515/515/515 514/514/514 513/513/513
f 516/516/516 515/515/515 513/513/513
f 516/516/516 513/513/513 517/517/517
f 513/513/513 518/518/518 517/517/517
f 515/515/515 516/516/516 519/519/519
f 519/519/519 516/516/516 517/517/517
f 520/520/520 515/515/515 519/519/519
f 521/521/521 519/519/519 517/517/517
f 524/524/524 523/523/523 522/522/522
f 525/525/525 523/523/523 524/524/524
f 526/526/526 525/525/525 524/524/524
f 527/527/527 525/525/525 526/526/526
f 528/528/528 527/527/527 526/526/526
f 529/529/529 527/527/527 528/528/528
f 530/530/530 527/527/527 529/529/529
f 531/531/531 530/530/530 529/529/529
f 532/532/532 530/530/530 531/531/531
f 533/533/533 532/532/532 531/531/531
f 532/532/532 533/533/533 534/534/534
f 535/535/535 532/532/532 534/534/534
f 536/536/536 532/532/532 535/535/535
f 537/537/537 536/536/536 535/535/535
f 538/538/538 536/536/536 537/537/537
f 539/539/539 536/536/536 538/538/538
f 540/540/540 539/539/539 538/538/538
f 539/539/539 540/540/540 541/541/541
f 542/542/542 539/539/539 541/541/541
f 542/542/542 541/541/541 543/543/543
f 542/542/542 543/543/543 544/544/544
f 545/545/545 542/542/542 544/544/544
f 544/544/544 546/546/546 545/545/545
f 546/546/546 547/547/547 545/545/545
f 545/545/545 547/547/547 548/548/548
f 549/549/549 545/545/545 548/548/548
f 549/549/549 548/548/548 550/550/550
f 551/551/551 549/549/549 550/550/550
f 551/551/551 550/550/550 552/552/552
f 551/551/551 552/552/552 553/553/553
f 554/554/554 551/551/551 553/553/553
f 554/554/554 553/553/553 555/555/555
f 556/556/556 554/554/554 555/555/555
f 556/556/556 555/555/555 557/557/557
f 560/560/560 559/559/559 558/558/558
f 561/561/561 560/560/560 558/558/558
f 558/558/558 562/562/562 561/561/561
f 563/563/563 561/561/561 562/562/562
f 564/564/564 563/563/563 562/562/562
f 562/562/562 565/565/565 564/564/564
f 568/568/568 567/567/567 566/566/566
f 566/566/566 567/567/567 569/569/569
f 570/570/570 569/569/569 567/567/567
f 571/571/571 570/570/570 567/567/567
f 571/571/571 572/572/572 570/570/570
f 573/573/573 566/566/566 569/569/569
f 573/573/573 574/574/574 566/566/566
f 573/573/573 569/569/569 575/575/575
f 570/570/570 575/575/575 569/569/569
f 576/576/576 574/574/574 573/573/573
f 576/576/576 573/573/573 575/575/575
f 575/575/575 570/570/570 577/577/577
f 576/576/576 575/575/575 577/577/577
f 570/570/570 578/578/578 577/577/577
f 579/579/579 576/576/576 577/577/577
f 570/570/570 580/580/580 578/578/578
f 581/581/581 574/574/574 576/576/576
f 579/579/579 581/581/581 576/576/576
f 581/581/581 579/579/579 582/582/582
f 583/583/583 574/574/574 581/581/581
f 581/581/581 582/582/582 584/584/584
f 580/580/580 570/570/570 585/585/585
f 580/580/580 585/585/585 584/584/584
f 572/572/572 585/585/585 570/570/570
f 583/583/583 581/581/581 586/586/586
f 581/581/581 584/584/584 586/586/586
f 585/585/585 586/586/586 584/584/584
f 586/586/586 585/585/585 572/572/572
f 587/587/587 583/583/583 586/586/586
f 588/588/588 587/587/587 586/586/586
f 588/588/588 586/586/586 572/572/572
f 589/589/589 587/587/587 588/588/588
f 589/589/589 588/588/588 572/572/572
f 590/590/590 589/589/589 572/572/572
f 593/593/593 592/592/592 591/591/591
f 593/593/593 594/594/594 592/592/592
f 593/593/593 595/595/595 594/594/594
f 598/598/598 597/597/597 596/596/596
f 599/599/599 598/598/598 596/596/596
f 599/599/599 596/596/596 600/600/600
f 596/596/596 601/601/601 600/600/600
f 599/599/599 600/600/600 602/602/602
f 599/599/599 603/603/603 598/598/598
f 603/603/603 599/599/599 602/602/602
f 603/603/603 604/604/604 598/598/598
f 603/603/603 602/602/602 605/605/605
f 603/603/603 605/605/605 604/604/604
f 608/608/608 607/607/607 606/606/606
f 609/609/609 608/608/608 606/606/606
f 610/610/610 608/608/608 609/609/609
f 611/611/611 610/610/610 609/609/609
f 611/611/611 612/612/612 610/610/610
f 615/615/615 614/614/614 613/613/613
f 614/614/614 615/615/615 616/616/616
f 617/617/617 616/616/616 615/615/615
f 620/620/620 619/619/619 618/618/618
f 621/621/621 620/620/620 618/618/618
f 622/622/622 620/620/620 621/621/621
f 623/623/623 622/622/622 621/621/621
f 623/623/623 624/624/624 622/622/622
f 624/624/624 625/625/625 622/622/622
f 625/625/625 624/624/624 626/626/626
f 627/627/627 625/625/625 626/626/626
f 630/630/630 629/629/629 628/628/628
f 631/631/631 630/630/630 628/628/628
f 631/631/631 632/632/632 630/630/630
f 635/635/635 634/634/634 633/633/633
f 636/636/636 635/635/635 633/633/633
f 636/636/636 637/637/637 635/635/635
f 640/640/640 639/639/639 638/638/638
f 641/641/641 640/640/640 638/638/638
f 641/641/641 642/642/642 640/640/640
f 645/645/645 644/644/644 643/643/643
f 646/646/646 644/644/644 645/645/645
f 646/646/646 645/645/645 647/647/647
f 648/648/648 644/644/644 646/646/646
f 646/646/646 647/647/647 649/649/649
f 650/650/650 648/648/648 646/646/646
f 649/649/649 650/650/650 646/646/646
f 648/648/648 650/650/650 651/651/651
f 652/652/652 648/648/648 651/651/651
f 652/652/652 653/653/653 648/648/648
f 650/650/650 654/654/654 651/651/651
f 654/654/654 650/650/650 649/649/649
f 651/651/651 655/655/655 652/652/652
f 652/652/652 655/655/655 656/656/656
f 652/652/652 657/657/657 653/653/653
f 653/653/653 657/657/657 658/658/658
f 657/657/657 652/652/652 659/659/659
f 656/656/656 659/659/659 652/652/652
f 660/660/660 654/654/654 649/649/649
f 660/660/660 661/661/661 654/654/654
f 662/662/662 659/659/659 656/656/656
f 663/663/663 662/662/662 656/656/656
f 660/660/660 649/649/649 664/664/664
f 647/647/647 664/664/664 649/649/649
f 661/661/661 660/660/660 665/665/665
f 665/665/665 660/660/660 664/664/664
f 666/666/666 661/661/661 665/665/665
f 667/667/667 666/666/666 665/665/665
f 668/668/668 667/667/667 665/665/665
f 663/663/663 667/667/667 668/668/668
f 665/665/665 664/664/664 668/668/668
f 663/663/663 668/668/668 669/669/669
f 664/664/664 669/669/669 668/668/668
f 662/662/662 663/663/663 669/669/669
f 669/669/669 664/664/664 647/647/647
f 670/670/670 659/659/659 662/662/662
f 669/669/669 670/670/670 662/662/662
f 670/670/670 669/669/669 647/647/647
f 659/659/659 670/670/670 671/671/671
f 647/647/647 672/672/672 670/670/670
f 670/670/670 672/672/672 671/671/671
f 671/671/671 672/672/672 673/673/673
f 676/676/676 675/675/675 674/674/674
f 677/677/677 676/676/676 674/674/674
f 680/680/680 679/679/679 678/678/678
f 681/681/681 680/680/680 678/678/678
f 684/684/684 683/683/683 682/682/682
f 685/685/685 684/684/684 682/682/682
f 688/688/688 687/687/687 686/686/686
f 689/689/689 688/688/688 686/686/686
f 692/692/692 691/691/691 690/690/690
f 693/693/693 692/692/692 690/690/690
f 696/696/696 695/695/695 694/694/694
f 697/697/697 696/696/696 694/694/694
f 700/700/700 699/699/699 698/698/698
f 701/701/701 700/700/700 698/698/698
f 704/704/704 703/703/703 702/702/702
f 705/705/705 704/704/704 702/702/702
f 708/708/708 707/707/707 706/706/706
f 709/709/709 708/708/708 706/706/706
f 712/712/712 711/711/711 710/710/710
f 713/713/713 712/712/712 710/710/710
f 716/716/716 715/715/715 714/714/714
f 717/717/717 716/716/716 714/714/714
f 720/720/720 719/719/719 718/718/718
f 721/721/721 720/720/720 718/718/718
f 724/724/724 723/723/723 722/722/722
f 725/725/725 724/724/724 722/722/722
f 728/728/728 727/727/727 726/726/726
f 729/729/729 728/728/728 726/726/726
f 732/732/732 731/731/731 730/730/730
f 733/733/733 732/732/732 730/730/730
f 736/736/736 735/735/735 734/734/734
f 737/737/737 736/736/736 734/734/734
f 740/740/740 739/739/739 738/738/738
f 740/740/740 738/738/738 741/741/741
f 741/741/741 742/742/742 740/740/740
f 742/742/742 741/741/741 743/743/743
f 742/742/742 743/743/743 744/744/744
f 744/744/744 745/745/745 742/742/742
f 748/748/748 747/747/747 746/746/746
f 748/748/748 746/746/746 749/749/749
f 749/749/749 750/750/750 748/748/748
f 750/750/750 751/751/751 748/748/748
f 751/751/751 750/750/750 752/752/752
f 746/746/746 753/753/753 749/749/749
f 754/754/754 753/753/753 746/746/746
f 755/755/755 749/749/749 753/753/753
f 755/755/755 750/750/750 749/749/749
f 754/754/754 756/756/756 753/753/753
f 756/756/756 755/755/755 753/753/753
f 750/750/750 755/755/755 757/757/757
f 755/755/755 756/756/756 757/757/757
f 758/758/758 750/750/750 757/757/757
f 756/756/756 759/759/759 757/757/757
f 760/760/760 750/750/750 758/758/758
f 754/754/754 761/761/761 756/756/756
f 761/761/761 759/759/759 756/756/756
f 759/759/759 761/761/761 762/762/762
f 754/754/754 763/763/763 761/761/761
f 762/762/762 761/761/761 764/764/764
f 750/750/750 760/760/760 765/765/765
f 760/760/760 764/764/764 765/765/765
f 750/750/750 765/765/765 752/752/752
f 766/766/766 761/761/761 763/763/763
f 764/764/764 761/761/761 766/766/766
f 764/764/764 766/766/766 765/765/765
f 765/765/765 766/766/766 752/752/752
f 767/767/767 766/766/766 763/763/763
f 767/767/767 768/768/768 766/766/766
f 766/766/766 768/768/768 752/752/752
f 767/767/767 769/769/769 768/768/768
f 768/768/768 769/769/769 752/752/752
f 769/769/769 770/770/770 752/752/752
f 773/773/773 772/772/772 771/771/771
f 774/774/774 773/773/773 771/771/771
f 771/771/771 775/775/775 774/774/774
f 776/776/776 773/773/773 774/774/774
f 775/775/775 777/777/777 774/774/774
f 778/778/778 776/776/776 774/774/774
f 774/774/774 777/777/777 778/778/778
f 777/777/777 779/779/779 778/778/778
f 780/780/780 776/776/776 778/778/778
f 778/778/778 779/779/779 781/781/781
f 782/782/782 780/780/780 778/778/778
f 782/782/782 778/778/778 781/781/781
f 782/782/782 781/781/781 783/783/783
f 784/784/784 780/780/780 782/782/782
f 785/785/785 782/782/782 783/783/783
f 785/785/785 784/784/784 782/782/782
f 783/783/783 786/786/786 785/785/785
f 786/786/786 787/787/787 785/785/785
f 784/784/784 785/785/785 787/787/787
f 788/788/788 784/784/784 787/787/787
f 791/791/791 790/790/790 789/789/789
f 790/790/790 792/792/792 789/789/789
f 793/793/793 789/789/789 792/792/792
f 790/790/790 794/794/794 792/792/792
f 795/795/795 793/793/793 792/792/792
f 794/794/794 796/796/796 792/792/792
f 792/792/792 796/796/796 795/795/795
f 796/796/796 797/797/797 795/795/795
f 797/797/797 796/796/796 798/798/798
f 799/799/799 797/797/797 798/798/798
f 800/800/800 799/799/799 798/798/798
f 801/801/801 800/800/800 798/798/798
f 802/802/802 800/800/800 801/801/801
f 803/803/803 802/802/802 801/801/801
f 802/802/802 804/804/804 800/800/800
f 804/804/804 805/805/805 800/800/800
f 800/800/800 805/805/805 799/799/799
f 804/804/804 806/806/806 805/805/805
f 805/805/805 807/807/807 799/799/799
f 808/808/808 799/799/799 807/807/807
f 809/809/809 808/808/808 807/807/807
f 806/806/806 810/810/810 805/805/805
f 805/805/805 810/810/810 807/807/807
f 806/806/806 811/811/811 810/810/810
f 809/809/809 807/807/807 812/812/812
f 810/810/810 812/812/812 807/807/807
f 813/813/813 809/809/809 812/812/812
f 814/814/814 813/813/813 812/812/812
f 811/811/811 815/815/815 810/810/810
f 810/810/810 815/815/815 812/812/812
f 816/816/816 814/814/814 812/812/812
f 815/815/815 816/816/816 812/812/812
f 814/814/814 816/816/816 817/817/817
f 816/816/816 815/815/815 817/817/817
f 818/818/818 814/814/814 817/817/817
f 819/819/819 815/815/815 811/811/811
f 815/815/815 819/819/819 817/817/817
f 820/820/820 819/819/819 811/811/811
f 820/820/820 821/821/821 819/819/819
f 821/821/821 822/822/822 819/819/819
f 819/819/819 822/822/822 823/823/823
f 817/817/817 819/819/819 823/823/823
f 818/818/818 817/817/817 823/823/823
f 824/824/824 818/818/818 823/823/823
f 824/824/824 823/823/823 798/798/798
f 825/825/825 824/824/824 798/798/798
f 828/828/828 827/827/827 826/826/826
f 827/827/827 829/829/829 826/826/826
f 827/827/827 830/830/830 829/829/829
f 830/830/830 831/831/831 829/829/829
f 834/834/834 833/833/833 832/832/832
f 833/833/833 834/834/834 835/835/835
f 834/834/834 836/836/836 835/835/835
f 834/834/834 837/837/837 836/836/836
f 836/836/836 837/837/837 838/838/838
f 835/835/835 836/836/836 839/839/839
f 839/839/839 836/836/836 838/838/838
f 839/839/839 838/838/838 840/840/840
f 841/841/841 835/835/835 839/839/839
f 842/842/842 839/839/839 840/840/840
f 841/841/841 839/839/839 842/842/842
f 843/843/843 841/841/841 842/842/842
f 846/846/846 845/845/845 844/844/844
f 844/844/844 845/845/845 847/847/847
f 850/850/850 849/849/849 848/848/848
f 850/850/850 851/851/851 849/849/849
f 851/851/851 852/852/852 849/849/849
f 852/852/852 851/851/851 853/853/853
f 854/854/854 852/852/852 853/853/853
f 855/855/855 852/852/852 854/854/854
f 856/856/856 855/855/855 854/854/854
f 849/849/849 852/852/852 857/857/857
f 852/852/852 855/855/855 857/857/857
f 849/849/849 858/858/858 848/848/848
f 858/858/858 849/849/849 857/857/857
f 859/859/859 855/855/855 856/856/856
f 860/860/860 859/859/859 856/856/856
f 858/858/858 861/861/861 848/848/848
f 861/861/861 862/862/862 848/848/848
f 863/863/863 858/858/858 857/857/857
f 861/861/861 858/858/858 863/863/863
f 857/857/857 855/855/855 864/864/864
f 855/855/855 859/859/859 864/864/864
f 857/857/857 864/864/864 863/863/863
f 865/865/865 859/859/859 860/860/860
f 864/864/864 859/859/859 865/865/865
f 866/866/866 863/863/863 864/864/864
f 866/866/866 864/864/864 865/865/865
f 860/860/860 867/867/867 865/865/865
f 867/867/867 860/860/860 868/868/868
f 865/865/865 867/867/867 869/869/869
f 866/866/866 865/865/865 869/869/869
f 870/870/870 867/867/867 868/868/868
f 869/869/869 867/867/867 870/870/870
f 870/870/870 868/868/868 871/871/871
f 863/863/863 866/866/866 872/872/872
f 872/872/872 861/861/861 863/863/863
f 873/873/873 872/872/872 866/866/866
f 866/866/866 869/869/869 873/873/873
f 872/872/872 873/873/873 861/861/861
f 874/874/874 870/870/870 871/871/871
f 874/874/874 871/871/871 875/875/875
f 876/876/876 874/874/874 875/875/875
f 877/877/877 869/869/869 870/870/870
f 869/869/869 877/877/877 873/873/873
f 877/877/877 870/870/870 874/874/874
f 873/873/873 878/878/878 861/861/861
f 878/878/878 873/873/873 877/877/877
f 862/862/862 861/861/861 878/878/878
f 879/879/879 862/862/862 878/878/878
f 880/880/880 874/874/874 876/876/876
f 880/880/880 877/877/877 874/874/874
f 880/880/880 878/878/878 877/877/877
f 879/879/879 878/878/878 880/880/880
f 881/881/881 880/880/880 876/876/876
f 881/881/881 879/879/879 880/880/880
f 884/884/884 883/883/883 882/882/882
f 885/885/885 884/884/884 882/882/882
f 885/885/885 886/886/886 884/884/884
f 886/886/886 887/887/887 884/884/884
f 888/888/888 883/883/883 884/884/884
f 884/884/884 887/887/887 889/889/889
f 890/890/890 888/888/888 884/884/884
f 890/890/890 884/884/884 889/889/889
f 888/888/888 890/890/890 891/891/891
f 891/891/891 890/890/890 889/889/889
f 894/894/894 893/893/893 892/892/892
f 893/893/893 895/895/895 892/892/892
f 896/896/896 894/894/894 892/892/892
f 897/897/897 892/892/892 895/895/895
f 898/898/898 896/896/896 892/892/892
f 892/892/892 897/897/897 899/899/899
f 898/898/898 892/892/892 900/900/900
f 892/892/892 899/899/899 900/900/900
f 903/903/903 902/902/902 901/901/901
f 904/904/904 902/902/902 903/903/903
f 905/905/905 903/903/903 901/901/901
f 901/901/901 906/906/906 905/905/905
f 901/901/901 907/907/907 906/906/906
f 907/907/907 908/908/908 906/906/906
f 909/909/909 908/908/908 907/907/907
f 908/908/908 909/909/909 910/910/910
f 909/909/909 911/911/911 910/910/910
f 911/911/911 909/909/909 912/912/912
f 910/910/910 913/913/913 908/908/908
f 913/913/913 906/906/906 908/908/908
f 913/913/913 914/914/914 906/906/906
f 914/914/914 905/905/905 906/906/906
f 913/913/913 915/915/915 914/914/914
f 915/915/915 916/916/916 914/914/914
f 917/917/917 916/916/916 915/915/915
f 916/916/916 917/917/917 918/918/918
f 919/919/919 903/903/903 905/905/905
f 920/920/920 905/905/905 914/914/914
f 920/920/920 919/919/919 905/905/905
f 914/914/914 916/916/916 921/921/921
f 921/921/921 920/920/920 914/914/914
f 922/922/922 916/916/916 918/918/918
f 916/916/916 922/922/922 921/921/921
f 922/922/922 923/923/923 921/921/921
f 924/924/924 922/922/922 918/918/918
f 925/925/925 924/924/924 918/918/918
f 924/924/924 925/925/925 926/926/926
f 927/927/927 922/922/922 924/924/924
f 923/923/923 922/922/922 927/927/927
f 924/924/924 926/926/926 928/928/928
f 928/928/928 927/927/927 924/924/924
f 926/926/926 929/929/929 928/928/928
f 930/930/930 903/903/903 919/919/919
f 930/930/930 904/904/904 903/903/903
f 930/930/930 931/931/931 904/904/904
f 932/932/932 904/904/904 931/931/931
f 933/933/933 930/930/930 919/919/919
f 930/930/930 933/933/933 931/931/931
f 934/934/934 932/932/932 931/931/931
f 935/935/935 932/932/932 934/934/934
f 936/936/936 935/935/935 934/934/934
f 912/912/912 935/935/935 936/936/936
f 937/937/937 934/934/934 931/931/931
f 938/938/938 937/937/937 931/931/931
f 939/939/939 937/937/937 938/938/938
f 940/940/940 939/939/939 938/938/938
f 938/938/938 931/931/931 941/941/941
f 940/940/940 938/938/938 941/941/941
f 933/933/933 941/941/941 931/931/931
f 942/942/942 940/940/940 941/941/941
f 942/942/942 941/941/941 943/943/943
f 941/941/941 944/944/944 943/943/943
f 944/944/944 941/941/941 933/933/933
f 943/943/943 944/944/944 945/945/945
f 944/944/944 946/946/946 945/945/945
f 946/946/946 944/944/944 947/947/947
f 944/944/944 948/948/948 947/947/947
f 948/948/948 944/944/944 933/933/933
f 948/948/948 949/949/949 947/947/947
f 950/950/950 948/948/948 933/933/933
f 919/919/919 950/950/950 933/933/933
f 950/950/950 919/919/919 920/920/920
f 949/949/949 948/948/948 951/951/951
f 951/951/951 948/948/948 950/950/950
f 949/949/949 951/951/951 952/952/952
f 952/952/952 951/951/951 953/953/953
f 953/953/953 951/951/951 950/950/950
f 954/954/954 952/952/952 953/953/953
f 954/954/954 953/953/953 955/955/955
f 955/955/955 953/953/953 956/956/956
f 957/957/957 950/950/950 920/920/920
f 953/953/953 950/950/950 957/957/957
f 956/956/956 953/953/953 957/957/957
f 920/920/920 921/921/921 957/957/957
f 958/958/958 956/956/956 957/957/957
f 956/956/956 958/958/958 959/959/959
f 958/958/958 960/960/960 959/959/959
f 961/961/961 960/960/960 958/958/958
f 962/962/962 961/961/961 958/958/958
f 921/921/921 963/963/963 957/957/957
f 963/963/963 958/958/958 957/957/957
f 962/962/962 958/958/958 963/963/963
f 923/923/923 963/963/963 921/921/921
f 962/962/962 963/963/963 923/923/923
f 964/964/964 962/962/962 923/923/923
f 962/962/962 964/964/964 965/965/965
f 964/964/964 966/966/966 965/965/965
f 967/967/967 966/966/966 964/964/964
f 968/968/968 967/967/967 964/964/964
f 964/964/964 923/923/923 968/968/968
f 923/923/923 969/969/969 968/968/968
f 969/969/969 923/923/923 927/927/927
f 970/970/970 968/968/968 969/969/969
f 971/971/971 968/968/968 970/970/970
f 972/972/972 971/971/971 970/970/970
f 972/972/972 970/970/970 973/973/973
f 970/970/970 974/974/974 973/973/973
f 970/970/970 969/969/969 975/975/975
f 969/969/969 927/927/927 975/975/975
f 974/974/974 970/970/970 975/975/975
f 927/927/927 976/976/976 975/975/975
f 976/976/976 927/927/927 928/928/928
f 974/974/974 975/975/975 977/977/977
f 977/977/977 978/978/978 974/974/974
f 977/977/977 979/979/979 978/978/978
f 980/980/980 979/979/979 977/977/977
f 975/975/975 981/981/981 977/977/977
f 981/981/981 975/975/975 976/976/976
f 982/982/982 980/980/980 977/977/977
f 977/977/977 981/981/981 982/982/982
f 982/982/982 983/983/983 980/980/980
f 984/984/984 983/983/983 982/982/982
f 981/981/981 984/984/984 982/982/982
f 985/985/985 983/983/983 984/984/984
f 986/986/986 985/985/985 984/984/984
f 986/986/986 987/987/987 985/985/985
f 988/988/988 987/987/987 986/986/986
f 989/989/989 988/988/988 986/986/986
f 984/984/984 981/981/981 990/990/990
f 984/984/984 990/990/990 986/986/986
f 989/989/989 986/986/986 991/991/991
f 990/990/990 991/991/991 986/986/986
f 992/992/992 991/991/991 990/990/990
f 993/993/993 989/989/989 991/991/991
f 993/993/993 991/991/991 994/994/994
f 991/991/991 995/995/995 994/994/994
f 992/992/992 995/995/995 991/991/991
f 994/994/994 995/995/995 996/996/996
f 995/995/995 997/997/997 996/996/996
f 997/997/997 995/995/995 992/992/992
f 998/998/998 997/997/997 992/992/992
f 981/981/981 999/999/999 990/990/990
f 999/999/999 981/981/981 976/976/976
f 1000/1000/1000 992/992/992 990/990/990
f 990/990/990 999/999/999 1000/1000/1000
f 999/999/999 976/976/976 1001/1001/1001
f 1001/1001/1001 976/976/976 928/928/928
f 999/999/999 1002/1002/1002 1000/1000/1000
f 1002/1002/1002 999/999/999 1001/1001/1001
f 992/992/992 1000/1000/1000 1003/1003/1003
f 1000/1000/1000 1002/1002/1002 1003/1003/1003
f 992/992/992 1003/1003/1003 1004/1004/1004
f 998/998/998 992/992/992 1004/1004/1004
f 1002/1002/1002 1005/1005/1005 1003/1003/1003
f 998/998/998 1004/1004/1004 1006/1006/1006
f 1007/1007/1007 998/998/998 1006/1006/1006
f 1006/1006/1006 1008/1008/1008 1007/1007/1007
f 1005/1005/1005 1002/1002/1002 1009/1009/1009
f 1002/1002/1002 1001/1001/1001 1009/1009/1009
f 1010/1010/1010 1001/1001/1001 928/928/928
f 1010/1010/1010 1009/1009/1009 1001/1001/1001
f 929/929/929 1010/1010/1010 928/928/928
f 1011/1011/1011 1009/1009/1009 1010/1010/1010
f 1010/1010/1010 929/929/929 1012/1012/1012
f 1012/1012/1012 1011/1011/1011 1010/1010/1010
f 929/929/929 1013/1013/1013 1012/1012/1012
f 1012/1012/1012 1014/1014/1014 1011/1011/1011
f 1012/1012/1012 1013/1013/1013 1014/1014/1014
f 1014/1014/1014 1015/1015/1015 1008/1008/1008
f 1013/1013/1013 1015/1015/1015 1014/1014/1014
f 1018/1018/1018 1017/1017/1017 1016/1016/1016
f 1017/1017/1017 1019/1019/1019 1016/1016/1016
f 1018/1018/1018 1016/1016/1016 1020/1020/1020
f 1016/1016/1016 1019/1019/1019 1021/1021/1021
f 1022/1022/1022 1016/1016/1016 1021/1021/1021
f 1022/1022/1022 1023/1023/1023 1016/1016/1016
f 1016/1016/1016 1024/1024/1024 1020/1020/1020
f 1023/1023/1023 1025/1025/1025 1016/1016/1016
f 1016/1016/1016 1026/1026/1026 1024/1024/1024
f 1026/1026/1026 1016/1016/1016 1025/1025/1025
f 1024/1024/1024 1026/1026/1026 1027/1027/1027
f 1026/1026/1026 1025/1025/1025 1027/1027/1027
f 1030/1030/1030 1029/1029/1029 1028/1028/1028
f 1029/1029/1029 1030/1030/1030 1031/1031/1031
f 1032/1032/1032 1030/1030/1030 1028/1028/1028
f 1028/1028/1028 1033/1033/1033 1032/1032/1032
f 1032/1032/1032 1033/1033/1033 1034/1034/1034
f 1030/1030/1030 1032/1032/1032 1034/1034/1034
f 1035/1035/1035 1030/1030/1030 1034/1034/1034
f 1030/1030/1030 1035/1035/1035 1036/1036/1036
f 1030/1030/1030 1037/1037/1037 1031/1031/1031
f 1037/1037/1037 1030/1030/1030 1036/1036/1036
f 1031/1031/1031 1037/1037/1037 1038/1038/1038
f 1037/1037/1037 1036/1036/1036 1038/1038/1038
f 1041/1041/1041 1040/1040/1040 1039/1039/1039
f 1042/1042/1042 1041/1041/1041 1039/1039/1039
f 1043/1043/1043 1042/1042/1042 1039/1039/1039
f 1042/1042/1042 1043/1043/1043 1044/1044/1044
f 1045/1045/1045 1042/1042/1042 1044/1044/1044
f 1045/1045/1045 1044/1044/1044 1046/1046/1046
f 1044/1044/1044 1047/1047/1047 1046/1046/1046
f 1046/1046/1046 1047/1047/1047 1048/1048/1048
f 1047/1047/1047 1049/1049/1049 1048/1048/1048
f 1048/1048/1048 1049/1049/1049 1050/1050/1050
f 1049/1049/1049 1051/1051/1051 1050/1050/1050
f 1050/1050/1050 1051/1051/1051 1052/1052/1052
f 1053/1053/1053 1050/1050/1050 1052/1052/1052
f 1053/1053/1053 1052/1052/1052 1054/1054/1054
f 1055/1055/1055 1053/1053/1053 1054/1054/1054
f 1055/1055/1055 1054/1054/1054 1056/1056/1056
f 1057/1057/1057 1055/1055/1055 1056/1056/1056
f 1057/1057/1057 1056/1056/1056 1058/1058/1058
f 1056/1056/1056 1059/1059/1059 1058/1058/1058
f 1058/1058/1058 1059/1059/1059 1060/1060/1060
f 1061/1061/1061 1058/1058/1058 1060/1060/1060
f 1059/1059/1059 1062/1062/1062 1060/1060/1060
f 1061/1061/1061 1060/1060/1060 1040/1040/1040
f 1060/1060/1060 1062/1062/1062 1063/1063/1063
f 1060/1060/1060 1063/1063/1063 1040/1040/1040
f 1062/1062/1062 1064/1064/1064 1063/1063/1063
f 1040/1040/1040 1063/1063/1063 1039/1039/1039
f 1064/1064/1064 1065/1065/1065 1063/1063/1063
f 1065/1065/1065 1039/1039/1039 1063/1063/1063
f 1065/1065/1065 1043/1043/1043 1039/1039/1039
f 1068/1068/1068 1067/1067/1067 1066/1066/1066
f 1067/1067/1067 1069/1069/1069 1066/1066/1066
f 1070/1070/1070 1068/1068/1068 1066/1066/1066
f 1066/1066/1066 1071/1071/1071 1070/1070/1070
f 1072/1072/1072 1068/1068/1068 1070/1070/1070
f 1073/1073/1073 1072/1072/1072 1070/1070/1070
f 1071/1071/1071 1073/1073/1073 1070/1070/1070
f 1074/1074/1074 1072/1072/1072 1073/1073/1073
f 1069/1069/1069 1075/1075/1075 1066/1066/1066
f 1071/1071/1071 1066/1066/1066 1075/1075/1075
f 1075/1075/1075 1069/1069/1069 1076/1076/1076
f 1076/1076/1076 1071/1071/1071 1075/1075/1075
f 1069/1069/1069 1077/1077/1077 1076/1076/1076
f 1076/1076/1076 1077/1077/1077 1078/1078/1078
f 1071/1071/1071 1076/1076/1076 1078/1078/1078
f 1077/1077/1077 1079/1079/1079 1078/1078/1078
f 1078/1078/1078 1079/1079/1079 1080/1080/1080
f 1080/1080/1080 1071/1071/1071 1078/1078/1078
f 1079/1079/1079 1081/1081/1081 1080/1080/1080
f 1081/1081/1081 1074/1074/1074 1080/1080/1080
f 1073/1073/1073 1071/1071/1071 1082/1082/1082
f 1071/1071/1071 1080/1080/1080 1082/1082/1082
f 1074/1074/1074 1082/1082/1082 1080/1080/1080
f 1082/1082/1082 1074/1074/1074 1073/1073/1073
f 1085/1085/1085 1084/1084/1084 1083/1083/1083
f 1084/1084/1084 1086/1086/1086 1083/1083/1083
f 1087/1087/1087 1085/1085/1085 1083/1083/1083
f 1087/1087/1087 1088/1088/1088 1085/1085/1085
f 1089/1089/1089 1088/1088/1088 1087/1087/1087
f 1089/1089/1089 1090/1090/1090 1088/1088/1088
f 1086/1086/1086 1091/1091/1091 1083/1083/1083
f 1091/1091/1091 1086/1086/1086 1092/1092/1092
f 1087/1087/1087 1083/1083/1083 1093/1093/1093
f 1089/1089/1089 1087/1087/1087 1093/1093/1093
f 1094/1094/1094 1090/1090/1090 1089/1089/1089
f 1095/1095/1095 1090/1090/1090 1094/1094/1094
f 1094/1094/1094 1096/1096/1096 1095/1095/1095
f 1096/1096/1096 1097/1097/1097 1095/1095/1095
f 1098/1098/1098 1097/1097/1097 1096/1096/1096
f 1097/1097/1097 1098/1098/1098 1099/1099/1099
f 1094/1094/1094 1089/1089/1089 1100/1100/1100
f 1100/1100/1100 1089/1089/1089 1093/1093/1093
f 1083/1083/1083 1091/1091/1091 1101/1101/1101
f 1083/1083/1083 1101/1101/1101 1093/1093/1093
f 1096/1096/1096 1094/1094/1094 1102/1102/1102
f 1102/1102/1102 1094/1094/1094 1100/1100/1100
f 1098/1098/1098 1103/1103/1103 1099/1099/1099
f 1103/1103/1103 1104/1104/1104 1099/1099/1099
f 1104/1104/1104 1103/1103/1103 1105/1105/1105
f 1105/1105/1105 1103/1103/1103 1106/1106/1106
f 1107/1107/1107 1105/1105/1105 1106/1106/1106
f 1108/1108/1108 1107/1107/1107 1106/1106/1106
f 1107/1107/1107 1108/1108/1108 1109/1109/1109
f 1110/1110/1110 1103/1103/1103 1098/1098/1098
f 1106/1106/1106 1103/1103/1103 1110/1110/1110
f 1108/1108/1108 1111/1111/1111 1109/1109/1109
f 1112/1112/1112 1109/1109/1109 1111/1111/1111
f 1112/1112/1112 1111/1111/1111 1113/1113/1113
f 1112/1112/1112 1113/1113/1113 1114/1114/1114
f 1114/1114/1114 1113/1113/1113 1115/1115/1115
f 1114/1114/1114 1115/1115/1115 1116/1116/1116
f 1116/1116/1116 1115/1115/1115 1117/1117/1117
f 1118/1118/1118 1116/1116/1116 1117/1117/1117
f 1118/1118/1118 1117/1117/1117 1119/1119/1119
f 1115/1115/1115 1113/1113/1113 1120/1120/1120
f 1115/1115/1115 1120/1120/1120 1117/1117/1117
f 1121/1121/1121 1113/1113/1113 1111/1111/1111
f 1113/1113/1113 1121/1121/1121 1120/1120/1120
f 1117/1117/1117 1122/1122/1122 1119/1119/1119
f 1119/1119/1119 1122/1122/1122 1123/1123/1123
f 1111/1111/1111 1108/1108/1108 1124/1124/1124
f 1124/1124/1124 1121/1121/1121 1111/1111/1111
f 1120/1120/1120 1125/1125/1125 1117/1117/1117
f 1117/1117/1117 1125/1125/1125 1122/1122/1122
f 1122/1122/1122 1126/1126/1126 1123/1123/1123
f 1125/1125/1125 1127/1127/1127 1122/1122/1122
f 1127/1127/1127 1126/1126/1126 1122/1122/1122
f 1125/1125/1125 1120/1120/1120 1128/1128/1128
f 1125/1125/1125 1128/1128/1128 1127/1127/1127
f 1129/1129/1129 1120/1120/1120 1121/1121/1121
f 1120/1120/1120 1129/1129/1129 1128/1128/1128
f 1126/1126/1126 1130/1130/1130 1123/1123/1123
f 1130/1130/1130 1126/1126/1126 1131/1131/1131
f 1132/1132/1132 1123/1123/1123 1130/1130/1130
f 1133/1133/1133 1126/1126/1126 1127/1127/1127
f 1126/1126/1126 1133/1133/1133 1131/1131/1131
f 1134/1134/1134 1132/1132/1132 1130/1130/1130
f 1134/1134/1134 1130/1130/1130 1131/1131/1131
f 1133/1133/1133 1127/1127/1127 1135/1135/1135
f 1128/1128/1128 1135/1135/1135 1127/1127/1127
f 1134/1134/1134 1136/1136/1136 1132/1132/1132
f 1137/1137/1137 1136/1136/1136 1134/1134/1134
f 1136/1136/1136 1092/1092/1092 1132/1132/1132
f 1092/1092/1092 1136/1136/1136 1138/1138/1138
f 1138/1138/1138 1136/1136/1136 1137/1137/1137
f 1091/1091/1091 1092/1092/1092 1138/1138/1138
f 1138/1138/1138 1139/1139/1139 1091/1091/1091
f 1091/1091/1091 1139/1139/1139 1101/1101/1101
f 1140/1140/1140 1134/1134/1134 1131/1131/1131
f 1140/1140/1140 1137/1137/1137 1134/1134/1134
f 1141/1141/1141 1133/1133/1133 1135/1135/1135
f 1133/1133/1133 1141/1141/1141 1131/1131/1131
f 1142/1142/1142 1138/1138/1138 1137/1137/1137
f 1138/1138/1138 1142/1142/1142 1139/1139/1139
f 1101/1101/1101 1139/1139/1139 1143/1143/1143
f 1093/1093/1093 1101/1101/1101 1143/1143/1143
f 1139/1139/1139 1142/1142/1142 1144/1144/1144
f 1139/1139/1139 1144/1144/1144 1143/1143/1143
f 1145/1145/1145 1142/1142/1142 1137/1137/1137
f 1142/1142/1142 1145/1145/1145 1144/1144/1144
f 1146/1146/1146 1093/1093/1093 1143/1143/1143
f 1100/1100/1100 1093/1093/1093 1146/1146/1146
f 1147/1147/1147 1146/1146/1146 1143/1143/1143
f 1148/1148/1148 1100/1100/1100 1146/1146/1146
f 1146/1146/1146 1147/1147/1147 1148/1148/1148
f 1149/1149/1149 1143/1143/1143 1144/1144/1144
f 1149/1149/1149 1147/1147/1147 1143/1143/1143
f 1150/1150/1150 1147/1147/1147 1149/1149/1149
f 1151/1151/1151 1100/1100/1100 1148/1148/1148
f 1102/1102/1102 1100/1100/1100 1151/1151/1151
f 1147/1147/1147 1152/1152/1152 1148/1148/1148
f 1152/1152/1152 1147/1147/1147 1150/1150/1150
f 1153/1153/1153 1151/1151/1151 1148/1148/1148
f 1148/1148/1148 1152/1152/1152 1153/1153/1153
f 1154/1154/1154 1102/1102/1102 1151/1151/1151
f 1154/1154/1154 1096/1096/1096 1102/1102/1102
f 1155/1155/1155 1149/1149/1149 1144/1144/1144
f 1155/1155/1155 1156/1156/1156 1149/1149/1149
f 1157/1157/1157 1155/1155/1155 1144/1144/1144
f 1155/1155/1155 1157/1157/1157 1156/1156/1156
f 1145/1145/1145 1157/1157/1157 1144/1144/1144
f 1158/1158/1158 1150/1150/1150 1149/1149/1149
f 1156/1156/1156 1158/1158/1158 1149/1149/1149
f 1158/1158/1158 1159/1159/1159 1150/1150/1150
f 1158/1158/1158 1156/1156/1156 1159/1159/1159
f 1153/1153/1153 1160/1160/1160 1151/1151/1151
f 1161/1161/1161 1154/1154/1154 1151/1151/1151
f 1160/1160/1160 1161/1161/1161 1151/1151/1151
f 1162/1162/1162 1096/1096/1096 1154/1154/1154
f 1154/1154/1154 1161/1161/1161 1163/1163/1163
f 1163/1163/1163 1162/1162/1162 1154/1154/1154
f 1164/1164/1164 1157/1157/1157 1145/1145/1145
f 1157/1157/1157 1164/1164/1164 1165/1165/1165
f 1157/1157/1157 1166/1166/1166 1156/1156/1156
f 1166/1166/1166 1157/1157/1157 1165/1165/1165
f 1166/1166/1166 1167/1167/1167 1156/1156/1156
f 1166/1166/1166 1165/1165/1165 1167/1167/1167
f 1168/1168/1168 1164/1164/1164 1145/1145/1145
f 1164/1164/1164 1168/1168/1168 1160/1160/1160
f 1161/1161/1161 1160/1160/1160 1168/1168/1168
f 1168/1168/1168 1145/1145/1145 1137/1137/1137
f 1169/1169/1169 1164/1164/1164 1160/1160/1160
f 1164/1164/1164 1169/1169/1169 1165/1165/1165
f 1169/1169/1169 1160/1160/1160 1153/1153/1153
f 1170/1170/1170 1168/1168/1168 1137/1137/1137
f 1170/1170/1170 1161/1161/1161 1168/1168/1168
f 1170/1170/1170 1137/1137/1137 1140/1140/1140
f 1171/1171/1171 1169/1169/1169 1153/1153/1153
f 1152/1152/1152 1171/1171/1171 1153/1153/1153
f 1172/1172/1172 1161/1161/1161 1170/1170/1170
f 1161/1161/1161 1172/1172/1172 1163/1163/1163
f 1173/1173/1173 1170/1170/1170 1140/1140/1140
f 1173/1173/1173 1172/1172/1172 1170/1170/1170
f 1174/1174/1174 1173/1173/1173 1140/1140/1140
f 1173/1173/1173 1174/1174/1174 1172/1172/1172
f 1131/1131/1131 1174/1174/1174 1140/1140/1140
f 1175/1175/1175 1169/1169/1169 1171/1171/1171
f 1169/1169/1169 1175/1175/1175 1165/1165/1165
f 1176/1176/1176 1171/1171/1171 1152/1152/1152
f 1176/1176/1176 1175/1175/1175 1171/1171/1171
f 1176/1176/1176 1152/1152/1152 1150/1150/1150
f 1172/1172/1172 1177/1177/1177 1163/1163/1163
f 1174/1174/1174 1177/1177/1177 1172/1172/1172
f 1174/1174/1174 1131/1131/1131 1178/1178/1178
f 1177/1177/1177 1174/1174/1174 1178/1178/1178
f 1131/1131/1131 1141/1141/1141 1178/1178/1178
f 1175/1175/1175 1179/1179/1179 1165/1165/1165
f 1175/1175/1175 1176/1176/1176 1179/1179/1179
f 1176/1176/1176 1150/1150/1150 1180/1180/1180
f 1176/1176/1176 1180/1180/1180 1179/1179/1179
f 1177/1177/1177 1181/1181/1181 1163/1163/1163
f 1162/1162/1162 1163/1163/1163 1181/1181/1181
f 1165/1165/1165 1179/1179/1179 1182/1182/1182
f 1165/1165/1165 1182/1182/1182 1167/1167/1167
f 1183/1183/1183 1180/1180/1180 1150/1150/1150
f 1150/1150/1150 1159/1159/1159 1183/1183/1183
f 1184/1184/1184 1182/1182/1182 1179/1179/1179
f 1167/1167/1167 1182/1182/1182 1185/1185/1185
f 1182/1182/1182 1184/1184/1184 1185/1185/1185
f 1186/1186/1186 1179/1179/1179 1180/1180/1180
f 1186/1186/1186 1184/1184/1184 1179/1179/1179
f 1180/1180/1180 1183/1183/1183 1187/1187/1187
f 1183/1183/1183 1159/1159/1159 1188/1188/1188
f 1187/1187/1187 1183/1183/1183 1188/1188/1188
f 1189/1189/1189 1186/1186/1186 1180/1180/1180
f 1189/1189/1189 1180/1180/1180 1187/1187/1187
f 1190/1190/1190 1184/1184/1184 1186/1186/1186
f 1185/1185/1185 1184/1184/1184 1191/1191/1191
f 1184/1184/1184 1190/1190/1190 1191/1191/1191
f 1185/1185/1185 1191/1191/1191 1192/1192/1192
f 1167/1167/1167 1185/1185/1185 1193/1193/1193
f 1193/1193/1193 1185/1185/1185 1192/1192/1192
f 1193/1193/1193 1188/1188/1188 1159/1159/1159
f 1193/1193/1193 1192/1192/1192 1188/1188/1188
f 1194/1194/1194 1167/1167/1167 1193/1193/1193
f 1194/1194/1194 1193/1193/1193 1159/1159/1159
f 1167/1167/1167 1194/1194/1194 1156/1156/1156
f 1156/1156/1156 1194/1194/1194 1159/1159/1159
f 1187/1187/1187 1188/1188/1188 1195/1195/1195
f 1192/1192/1192 1195/1195/1195 1188/1188/1188
f 1196/1196/1196 1187/1187/1187 1195/1195/1195
f 1189/1189/1189 1187/1187/1187 1196/1196/1196
f 1197/1197/1197 1186/1186/1186 1189/1189/1189
f 1197/1197/1197 1190/1190/1190 1186/1186/1186
f 1191/1191/1191 1190/1190/1190 1198/1198/1198
f 1192/1192/1192 1191/1191/1191 1198/1198/1198
f 1195/1195/1195 1192/1192/1192 1199/1199/1199
f 1196/1196/1196 1195/1195/1195 1199/1199/1199
f 1200/1200/1200 1189/1189/1189 1196/1196/1196
f 1200/1200/1200 1197/1197/1197 1189/1189/1189
f 1201/1201/1201 1190/1190/1190 1197/1197/1197
f 1190/1190/1190 1201/1201/1201 1198/1198/1198
f 1202/1202/1202 1192/1192/1192 1198/1198/1198
f 1192/1192/1192 1202/1202/1202 1199/1199/1199
f 1203/1203/1203 1196/1196/1196 1199/1199/1199
f 1196/1196/1196 1203/1203/1203 1200/1200/1200
f 1197/1197/1197 1200/1200/1200 1204/1204/1204
f 1204/1204/1204 1201/1201/1201 1197/1197/1197
f 1200/1200/1200 1205/1205/1205 1204/1204/1204
f 1203/1203/1203 1205/1205/1205 1200/1200/1200
f 1204/1204/1204 1205/1205/1205 1206/1206/1206
f 1201/1201/1201 1204/1204/1204 1206/1206/1206
f 1198/1198/1198 1201/1201/1201 1207/1207/1207
f 1202/1202/1202 1198/1198/1198 1207/1207/1207
f 1199/1199/1199 1202/1202/1202 1208/1208/1208
f 1203/1203/1203 1199/1199/1199 1208/1208/1208
f 1205/1205/1205 1203/1203/1203 1209/1209/1209
f 1205/1205/1205 1209/1209/1209 1206/1206/1206
f 1203/1203/1203 1210/1210/1210 1209/1209/1209
f 1209/1209/1209 1210/1210/1210 1206/1206/1206
f 1210/1210/1210 1203/1203/1203 1208/1208/1208
f 1210/1210/1210 1208/1208/1208 1207/1207/1207
f 1202/1202/1202 1211/1211/1211 1208/1208/1208
f 1211/1211/1211 1207/1207/1207 1208/1208/1208
f 1211/1211/1211 1202/1202/1202 1207/1207/1207
f 1201/1201/1201 1212/1212/1212 1207/1207/1207
f 1212/1212/1212 1201/1201/1201 1206/1206/1206
f 1212/1212/1212 1210/1210/1210 1207/1207/1207
f 1210/1210/1210 1212/1212/1212 1206/1206/1206
f 1215/1215/1215 1214/1214/1214 1213/1213/1213
f 1213/1213/1213 1214/1214/1214 1216/1216/1216
f 1217/1217/1217 1215/1215/1215 1213/1213/1213
f 1218/1218/1218 1213/1213/1213 1216/1216/1216
f 1217/1217/1217 1219/1219/1219 1215/1215/1215
f 1218/1218/1218 1216/1216/1216 1220/1220/1220
f 1219/1219/1219 1221/1221/1221 1215/1215/1215
f 1216/1216/1216 1222/1222/1222 1220/1220/1220
f 1219/1219/1219 1223/1223/1223 1221/1221/1221
f 1223/1223/1223 1220/1220/1220 1222/1222/1222
f 1223/1223/1223 1224/1224/1224 1221/1221/1221
f 1224/1224/1224 1223/1223/1223 1222/1222/1222
f 1227/1227/1227 1226/1226/1226 1225/1225/1225
f 1226/1226/1226 1227/1227/1227 1228/1228/1228
f 1228/1228/1228 1229/1229/1229 1226/1226/1226
f 1229/1229/1229 1230/1230/1230 1226/1226/1226
f 1226/1226/1226 1231/1231/1231 1225/1225/1225
f 1230/1230/1230 1231/1231/1231 1226/1226/1226
f 1233/1233/1233 1232/1232/1232 1225/1225/1225
f 1234/1234/1234 1233/1233/1233 1225/1225/1225
f 1233/1233/1233 1235/1235/1235 1232/1232/1232
f 1233/1233/1233 1236/1236/1236 1235/1235/1235
f 1234/1234/1234 1237/1237/1237 1233/1233/1233
f 1237/1237/1237 1236/1236/1236 1233/1233/1233
f 1230/1230/1230 1239/1239/1239 1238/1238/1238
f 1238/1238/1238 1239/1239/1239 1240/1240/1240
f 1241/1241/1241 1230/1230/1230 1238/1238/1238
f 1241/1241/1241 1238/1238/1238 1237/1237/1237
f 1238/1238/1238 1240/1240/1240 1242/1242/1242
f 1238/1238/1238 1242/1242/1242 1237/1237/1237
f 1245/1245/1245 1244/1244/1244 1243/1243/1243
f 1245/1245/1245 1246/1246/1246 1244/1244/1244
f 1247/1247/1247 1246/1246/1246 1245/1245/1245
f 1247/1247/1247 1245/1245/1245 1248/1248/1248
f 1249/1249/1249 1245/1245/1245 1243/1243/1243
f 1245/1245/1245 1249/1249/1249 1248/1248/1248
f 1243/1243/1243 1250/1250/1250 1249/1249/1249
f 1249/1249/1249 1250/1250/1250 1248/1248/1248
f 1253/1253/1253 1252/1252/1252 1251/1251/1251
f 1253/1253/1253 1254/1254/1254 1252/1252/1252
f 1255/1255/1255 1254/1254/1254 1253/1253/1253
f 1255/1255/1255 1253/1253/1253 1256/1256/1256
f 1257/1257/1257 1253/1253/1253 1251/1251/1251
f 1253/1253/1253 1257/1257/1257 1256/1256/1256
f 1251/1251/1251 1258/1258/1258 1257/1257/1257
f 1257/1257/1257 1258/1258/1258 1256/1256/1256
f 1261/1261/1261 1260/1260/1260 1259/1259/1259
f 1259/1259/1259 1262/1262/1262 1261/1261/1261
f 1263/1263/1263 1262/1262/1262 1259/1259/1259
f 1264/1264/1264 1263/1263/1263 1259/1259/1259
f 1260/1260/1260 1265/1265/1265 1259/1259/1259
f 1265/1265/1265 1264/1264/1264 1259/1259/1259
f 1260/1260/1260 1266/1266/1266 1265/1265/1265
f 1265/1265/1265 1266/1266/1266 1264/1264/1264
f 1269/1269/1269 1268/1268/1268 1267/1267/1267
f 1267/1267/1267 1270/1270/1270 1269/1269/1269
f 1271/1271/1271 1270/1270/1270 1267/1267/1267
f 1268/1268/1268 1272/1272/1272 1267/1267/1267
f 1267/1267/1267 1272/1272/1272 1271/1271/1271
f 1268/1268/1268 1273/1273/1273 1272/1272/1272
f 1272/1272/1272 1274/1274/1274 1271/1271/1271
f 1272/1272/1272 1273/1273/1273 1274/1274/1274
f 1277/1277/1277 1276/1276/1276 1275/1275/1275
f 1275/1275/1275 1278/1278/1278 1277/1277/1277
f 1279/1279/1279 1278/1278/1278 1275/1275/1275
f 1276/1276/1276 1280/1280/1280 1275/1275/1275
f 1275/1275/1275 1280/1280/1280 1279/1279/1279
f 1276/1276/1276 1281/1281/1281 1280/1280/1280
f 1280/1280/1280 1282/1282/1282 1279/1279/1279
f 1280/1280/1280 1281/1281/1281 1282/1282/1282
f 1285/1285/1285 1284/1284/1284 1283/1283/1283
f 1283/1283/1283 1286/1286/1286 1285/1285/1285
f 1287/1287/1287 1286/1286/1286 1283/1283/1283
f 1288/1288/1288 1287/1287/1287 1283/1283/1283
f 1284/1284/1284 1289/1289/1289 1283/1283/1283
f 1289/1289/1289 1288/1288/1288 1283/1283/1283
f 1284/1284/1284 1290/1290/1290 1289/1289/1289
f 1289/1289/1289 1290/1290/1290 1288/1288/1288
f 1293/1293/1293 1292/1292/1292 1291/1291/1291
f 1292/1292/1292 1294/1294/1294 1291/1291/1291
f 1291/1291/1291 1294/1294/1294 1295/1295/1295
f 1296/1296/1296 1293/1293/1293 1291/1291/1291
f 1296/1296/1296 1291/1291/1291 1295/1295/1295
f 1296/1296/1296 1297/1297/1297 1293/1293/1293
f 1298/1298/1298 1296/1296/1296 1295/1295/1295
f 1298/1298/1298 1297/1297/1297 1296/1296/1296
f 1301/1301/1301 1300/1300/1300 1299/1299/1299
f 1301/1301/1301 1302/1302/1302 1300/1300/1300
f 1300/1300/1300 1302/1302/1302 1303/1303/1303
f 1300/1300/1300 1304/1304/1304 1299/1299/1299
f 1300/1300/1300 1303/1303/1303 1304/1304/1304
f 1304/1304/1304 1305/1305/1305 1299/1299/1299
f 1303/1303/1303 1306/1306/1306 1304/1304/1304
f 1306/1306/1306 1305/1305/1305 1304/1304/1304
f 1309/1309/1309 1308/1308/1308 1307/1307/1307
f 1310/1310/1310 1308/1308/1308 1309/1309/1309
f 1311/1311/1311 1310/1310/1310 1309/1309/1309
f 1312/1312/1312 1310/1310/1310 1311/1311/1311
f 1313/1313/1313 1312/1312/1312 1311/1311/1311
f 1313/1313/1313 1311/1311/1311 1314/1314/1314
f 1315/1315/1315 1313/1313/1313 1314/1314/1314
f 1311/1311/1311 1309/1309/1309 1316/1316/1316
f 1314/1314/1314 1311/1311/1311 1316/1316/1316
f 1317/1317/1317 1309/1309/1309 1307/1307/1307
f 1309/1309/1309 1317/1317/1317 1316/1316/1316
f 1314/1314/1314 1318/1318/1318 1315/1315/1315
f 1318/1318/1318 1319/1319/1319 1315/1315/1315
f 1320/1320/1320 1317/1317/1317 1307/1307/1307
f 1321/1321/1321 1320/1320/1320 1307/1307/1307
f 1317/1317/1317 1322/1322/1322 1316/1316/1316
f 1317/1317/1317 1320/1320/1320 1322/1322/1322
f 1316/1316/1316 1323/1323/1323 1314/1314/1314
f 1323/1323/1323 1318/1318/1318 1314/1314/1314
f 1323/1323/1323 1316/1316/1316 1322/1322/1322
f 1318/1318/1318 1324/1324/1324 1319/1319/1319
f 1318/1318/1318 1323/1323/1323 1324/1324/1324
f 1322/1322/1322 1325/1325/1325 1323/1323/1323
f 1323/1323/1323 1325/1325/1325 1324/1324/1324
f 1326/1326/1326 1319/1319/1319 1324/1324/1324
f 1327/1327/1327 1319/1319/1319 1326/1326/1326
f 1326/1326/1326 1324/1324/1324 1328/1328/1328
f 1324/1324/1324 1325/1325/1325 1328/1328/1328
f 1329/1329/1329 1327/1327/1327 1326/1326/1326
f 1326/1326/1326 1328/1328/1328 1329/1329/1329
f 1330/1330/1330 1327/1327/1327 1329/1329/1329
f 1325/1325/1325 1322/1322/1322 1331/1331/1331
f 1320/1320/1320 1331/1331/1331 1322/1322/1322
f 1331/1331/1331 1332/1332/1332 1325/1325/1325
f 1328/1328/1328 1325/1325/1325 1332/1332/1332
f 1332/1332/1332 1331/1331/1331 1320/1320/1320
f 1333/1333/1333 1330/1330/1330 1329/1329/1329
f 1330/1330/1330 1333/1333/1333 1334/1334/1334
f 1333/1333/1333 1335/1335/1335 1334/1334/1334
f 1328/1328/1328 1336/1336/1336 1329/1329/1329
f 1336/1336/1336 1328/1328/1328 1332/1332/1332
f 1329/1329/1329 1336/1336/1336 1333/1333/1333
f 1337/1337/1337 1332/1332/1332 1320/1320/1320
f 1332/1332/1332 1337/1337/1337 1336/1336/1336
f 1320/1320/1320 1321/1321/1321 1337/1337/1337
f 1321/1321/1321 1338/1338/1338 1337/1337/1337
f 1333/1333/1333 1339/1339/1339 1335/1335/1335
f 1336/1336/1336 1339/1339/1339 1333/1333/1333
f 1337/1337/1337 1339/1339/1339 1336/1336/1336
f 1337/1337/1337 1338/1338/1338 1339/1339/1339
f 1339/1339/1339 1340/1340/1340 1335/1335/1335
f 1338/1338/1338 1340/1340/1340 1339/1339/1339
f 1343/1343/1343 1342/1342/1342 1341/1341/1341
f 1344/1344/1344 1343/1343/1343 1341/1341/1341
f 1345/1345/1345 1344/1344/1344 1341/1341/1341
f 1346/1346/1346 1345/1345/1345 1341/1341/1341
f 1342/1342/1342 1347/1347/1347 1341/1341/1341
f 1348/1348/1348 1346/1346/1346 1341/1341/1341
f 1347/1347/1347 1349/1349/1349 1341/1341/1341
f 1349/1349/1349 1348/1348/1348 1341/1341/1341
f 1349/1349/1349 1347/1347/1347 1350/1350/1350
f 1349/1349/1349 1350/1350/1350 1348/1348/1348
f 1353/1353/1353 1352/1352/1352 1351/1351/1351
f 1353/1353/1353 1354/1354/1354 1352/1352/1352
f 1352/1352/1352 1355/1355/1355 1351/1351/1351
f 1356/1356/1356 1351/1351/1351 1355/1355/1355
f 1356/1356/1356 1355/1355/1355 1357/1357/1357
f 1357/1357/1357 1355/1355/1355 1352/1352/1352
f 1358/1358/1358 1357/1357/1357 1352/1352/1352
f 1358/1358/1358 1352/1352/1352 1359/1359/1359
f 1354/1354/1354 1360/1360/1360 1352/1352/1352
f 1352/1352/1352 1360/1360/1360 1359/1359/1359
f 1360/1360/1360 1354/1354/1354 1361/1361/1361
f 1359/1359/1359 1360/1360/1360 1361/1361/1361
f 1364/1364/1364 1363/1363/1363 1362/1362/1362
f 1364/1364/1364 1362/1362/1362 1365/1365/1365
f 1363/1363/1363 1366/1366/1366 1362/1362/1362
f 1362/1362/1362 1366/1366/1366 1367/1367/1367
f 1363/1363/1363 1368/1368/1368 1366/1366/1366
f 1368/1368/1368 1369/1369/1369 1366/1366/1366
f 1366/1366/1366 1369/1369/1369 1367/1367/1367
f 1368/1368/1368 1370/1370/1370 1369/1369/1369
f 1362/1362/1362 1371/1371/1371 1365/1365/1365
f 1371/1371/1371 1362/1362/1362 1367/1367/1367
f 1365/1365/1365 1371/1371/1371 1372/1372/1372
f 1372/1372/1372 1371/1371/1371 1367/1367/1367
f 1373/1373/1373 1365/1365/1365 1372/1372/1372
f 1373/1373/1373 1372/1372/1372 1374/1374/1374
f 1374/1374/1374 1372/1372/1372 1367/1367/1367
f 1375/1375/1375 1373/1373/1373 1374/1374/1374
f 1375/1375/1375 1374/1374/1374 1376/1376/1376
f 1376/1376/1376 1374/1374/1374 1367/1367/1367
f 1377/1377/1377 1375/1375/1375 1376/1376/1376
f 1377/1377/1377 1376/1376/1376 1370/1370/1370
f 1367/1367/1367 1369/1369/1369 1378/1378/1378
f 1370/1370/1370 1378/1378/1378 1369/1369/1369
f 1376/1376/1376 1367/1367/1367 1378/1378/1378
f 1376/1376/1376 1378/1378/1378 1370/1370/1370
f 1381/1381/1381 1380/1380/1380 1379/1379/1379
f 1380/1380/1380 1381/1381/1381 1382/1382/1382
f 1383/1383/1383 1381/1381/1381 1379/1379/1379
f 1381/1381/1381 1384/1384/1384 1382/1382/1382
f 1385/1385/1385 1383/1383/1383 1379/1379/1379
f 1382/1382/1382 1384/1384/1384 1386/1386/1386
f 1387/1387/1387 1385/1385/1385 1379/1379/1379
f 1388/1388/1388 1382/1382/1382 1386/1386/1386
f 1389/1389/1389 1385/1385/1385 1387/1387/1387
f 1388/1388/1388 1386/1386/1386 1389/1389/1389
f 1390/1390/1390 1389/1389/1389 1387/1387/1387
f 1390/1390/1390 1388/1388/1388 1389/1389/1389
f 1393/1393/1393 1392/1392/1392 1391/1391/1391
f 1392/1392/1392 1393/1393/1393 1394/1394/1394
f 1395/1395/1395 1394/1394/1394 1393/1393/1393
f 1395/1395/1395 1393/1393/1393 1396/1396/1396
f 1397/1397/1397 1393/1393/1393 1391/1391/1391
f 1393/1393/1393 1397/1397/1397 1396/1396/1396
f 1399/1399/1399 1398/1398/1398 1391/1391/1391
f 1400/1400/1400 1399/1399/1399 1391/1391/1391
f 1401/1401/1401 1399/1399/1399 1400/1400/1400
f 1402/1402/1402 1399/1399/1399 1401/1401/1401
f 1398/1398/1398 1399/1399/1399 1403/1403/1403
f 1399/1399/1399 1402/1402/1402 1403/1403/1403
f 1405/1405/1405 1404/1404/1404 1396/1396/1396
f 1406/1406/1406 1405/1405/1405 1396/1396/1396
f 1405/1405/1405 1406/1406/1406 1403/1403/1403
f 1404/1404/1404 1405/1405/1405 1407/1407/1407
f 1408/1408/1408 1405/1405/1405 1403/1403/1403
f 1407/1407/1407 1405/1405/1405 1408/1408/1408
f 1411/1411/1411 1410/1410/1410 1409/1409/1409
f 1412/1412/1412 1409/1409/1409 1410/1410/1410
f 1412/1412/1412 1413/1413/1413 1409/1409/1409
f 1413/1413/1413 1414/1414/1414 1409/1409/1409
f 1415/1415/1415 1411/1411/1411 1409/1409/1409
f 1414/1414/1414 1415/1415/1415 1409/1409/1409
f 1416/1416/1416 1411/1411/1411 1415/1415/1415
f 1416/1416/1416 1415/1415/1415 1414/1414/1414
f 1419/1419/1419 1418/1418/1418 1417/1417/1417
f 1420/1420/1420 1417/1417/1417 1418/1418/1418
f 1420/1420/1420 1421/1421/1421 1417/1417/1417
f 1421/1421/1421 1422/1422/1422 1417/1417/1417
f 1423/1423/1423 1419/1419/1419 1417/1417/1417
f 1422/1422/1422 1423/1423/1423 1417/1417/1417
f 1424/1424/1424 1419/1419/1419 1423/1423/1423
f 1424/1424/1424 1423/1423/1423 1422/1422/1422
f 1427/1427/1427 1426/1426/1426 1425/1425/1425
f 1428/1428/1428 1425/1425/1425 1426/1426/1426
f 1428/1428/1428 1429/1429/1429 1425/1425/1425
f 1425/1425/1425 1429/1429/1429 1430/1430/1430
f 1431/1431/1431 1427/1427/1427 1425/1425/1425
f 1431/1431/1431 1425/1425/1425 1430/1430/1430
f 1432/1432/1432 1427/1427/1427 1431/1431/1431
f 1432/1432/1432 1431/1431/1431 1430/1430/1430
f 1435/1435/1435 1434/1434/1434 1433/1433/1433
f 1436/1436/1436 1433/1433/1433 1434/1434/1434
f 1436/1436/1436 1437/1437/1437 1433/1433/1433
f 1438/1438/1438 1435/1435/1435 1433/1433/1433
f 1438/1438/1438 1433/1433/1433 1437/1437/1437
f 1439/1439/1439 1435/1435/1435 1438/1438/1438
f 1440/1440/1440 1438/1438/1438 1437/1437/1437
f 1439/1439/1439 1438/1438/1438 1440/1440/1440
f 1443/1443/1443 1442/1442/1442 1441/1441/1441
f 1444/1444/1444 1441/1441/1441 1442/1442/1442
f 1444/1444/1444 1445/1445/1445 1441/1441/1441
f 1446/1446/1446 1443/1443/1443 1441/1441/1441
f 1446/1446/1446 1441/1441/1441 1445/1445/1445
f 1447/1447/1447 1443/1443/1443 1446/1446/1446
f 1448/1448/1448 1446/1446/1446 1445/1445/1445
f 1447/1447/1447 1446/1446/1446 1448/1448/1448
f 1451/1451/1451 1450/1450/1450 1449/1449/1449
f 1452/1452/1452 1449/1449/1449 1450/1450/1450
f 1452/1452/1452 1453/1453/1453 1449/1449/1449
f 1449/1449/1449 1453/1453/1453 1454/1454/1454
f 1455/1455/1455 1451/1451/1451 1449/1449/1449
f 1455/1455/1455 1449/1449/1449 1454/1454/1454
f 1456/1456/1456 1451/1451/1451 1455/1455/1455
f 1456/1456/1456 1455/1455/1455 1454/1454/1454
f 1459/1459/1459 1458/1458/1458 1457/1457/1457
f 1460/1460/1460 1458/1458/1458 1459/1459/1459
f 1460/1460/1460 1459/1459/1459 1461/1461/1461
f 1462/1462/1462 1459/1459/1459 1457/1457/1457
f 1461/1461/1461 1459/1459/1459 1462/1462/1462
f 1463/1463/1463 1462/1462/1462 1457/1457/1457
f 1464/1464/1464 1461/1461/1461 1462/1462/1462
f 1463/1463/1463 1464/1464/1464 1462/1462/1462
f 1467/1467/1467 1466/1466/1466 1465/1465/1465
f 1468/1468/1468 1467/1467/1467 1465/1465/1465
f 1468/1468/1468 1465/1465/1465 1469/1469/1469
f 1466/1466/1466 1470/1470/1470 1465/1465/1465
f 1465/1465/1465 1470/1470/1470 1469/1469/1469
f 1471/1471/1471 1470/1470/1470 1466/1466/1466
f 1470/1470/1470 1472/1472/1472 1469/1469/1469
f 1471/1471/1471 1472/1472/1472 1470/1470/1470
f 1475/1475/1475 1474/1474/1474 1473/1473/1473
f 1476/1476/1476 1474/1474/1474 1475/1475/1475
f 1477/1477/1477 1476/1476/1476 1475/1475/1475
f 1478/1478/1478 1476/1476/1476 1477/1477/1477
f 1479/1479/1479 1478/1478/1478 1477/1477/1477
f 1480/1480/1480 1478/1478/1478 1479/1479/1479
f 1477/1477/1477 1475/1475/1475 1481/1481/1481
f 1479/1479/1479 1477/1477/1477 1481/1481/1481
f 1475/1475/1475 1482/1482/1482 1481/1481/1481
f 1483/1483/1483 1479/1479/1479 1481/1481/1481
f 1482/1482/1482 1475/1475/1475 1484/1484/1484
f 1485/1485/1485 1480/1480/1480 1479/1479/1479
f 1485/1485/1485 1479/1479/1479 1483/1483/1483
f 1480/1480/1480 1485/1485/1485 1486/1486/1486
f 1487/1487/1487 1485/1485/1485 1483/1483/1483
f 1475/1475/1475 1488/1488/1488 1484/1484/1484
f 1488/1488/1488 1475/1475/1475 1473/1473/1473
f 1484/1484/1484 1488/1488/1488 1489/1489/1489
f 1485/1485/1485 1490/1490/1490 1486/1486/1486
f 1490/1490/1490 1485/1485/1485 1487/1487/1487
f 1486/1486/1486 1490/1490/1490 1491/1491/1491
f 1492/1492/1492 1490/1490/1490 1487/1487/1487
f 1493/1493/1493 1488/1488/1488 1473/1473/1473
f 1488/1488/1488 1493/1493/1493 1489/1489/1489
f 1491/1491/1491 1493/1493/1493 1473/1473/1473
f 1490/1490/1490 1493/1493/1493 1491/1491/1491
f 1493/1493/1493 1490/1490/1490 1492/1492/1492
f 1489/1489/1489 1493/1493/1493 1492/1492/1492
f 1496/1496/1496 1495/1495/1495 1494/1494/1494
f 1496/1496/1496 1497/1497/1497 1495/1495/1495
f 1495/1495/1495 1498/1498/1498 1494/1494/1494
f 1498/1498/1498 1495/1495/1495 1499/1499/1499
f 1494/1494/1494 1498/1498/1498 1500/1500/1500
f 1497/1497/1497 1501/1501/1501 1495/1495/1495
f 1495/1495/1495 1501/1501/1501 1499/1499/1499
f 1501/1501/1501 1497/1497/1497 1502/1502/1502
f 1503/1503/1503 1501/1501/1501 1502/1502/1502
f 1503/1503/1503 1502/1502/1502 1504/1504/1504
f 1505/1505/1505 1504/1504/1504 1500/1500/1500
f 1505/1505/1505 1503/1503/1503 1504/1504/1504
f 1498/1498/1498 1506/1506/1506 1500/1500/1500
f 1506/1506/1506 1505/1505/1505 1500/1500/1500
f 1507/1507/1507 1501/1501/1501 1503/1503/1503
f 1501/1501/1501 1507/1507/1507 1499/1499/1499
f 1498/1498/1498 1508/1508/1508 1506/1506/1506
f 1508/1508/1508 1498/1498/1498 1499/1499/1499
f 1505/1505/1505 1506/1506/1506 1509/1509/1509
f 1508/1508/1508 1509/1509/1509 1506/1506/1506
f 1510/1510/1510 1503/1503/1503 1505/1505/1505
f 1510/1510/1510 1507/1507/1507 1503/1503/1503
f 1511/1511/1511 1505/1505/1505 1509/1509/1509
f 1511/1511/1511 1510/1510/1510 1505/1505/1505
f 1509/1509/1509 1508/1508/1508 1512/1512/1512
f 1511/1511/1511 1509/1509/1509 1512/1512/1512
f 1507/1507/1507 1510/1510/1510 1513/1513/1513
f 1513/1513/1513 1510/1510/1510 1511/1511/1511
f 1507/1507/1507 1514/1514/1514 1499/1499/1499
f 1514/1514/1514 1507/1507/1507 1513/1513/1513
f 1515/1515/1515 1508/1508/1508 1499/1499/1499
f 1508/1508/1508 1515/1515/1515 1512/1512/1512
f 1516/1516/1516 1511/1511/1511 1512/1512/1512
f 1516/1516/1516 1513/1513/1513 1511/1511/1511
f 1514/1514/1514 1517/1517/1517 1499/1499/1499
f 1517/1517/1517 1515/1515/1515 1499/1499/1499
f 1512/1512/1512 1515/1515/1515 1518/1518/1518
f 1516/1516/1516 1512/1512/1512 1518/1518/1518
f 1519/1519/1519 1514/1514/1514 1513/1513/1513
f 1517/1517/1517 1514/1514/1514 1519/1519/1519
f 1520/1520/1520 1515/1515/1515 1517/1517/1517
f 1515/1515/1515 1520/1520/1520 1518/1518/1518
f 1521/1521/1521 1513/1513/1513 1516/1516/1516
f 1521/1521/1521 1519/1519/1519 1513/1513/1513
f 1522/1522/1522 1517/1517/1517 1519/1519/1519
f 1522/1522/1522 1520/1520/1520 1517/1517/1517
f 1520/1520/1520 1523/1523/1523 1518/1518/1518
f 1523/1523/1523 1520/1520/1520 1522/1522/1522
f 1524/1524/1524 1516/1516/1516 1518/1518/1518
f 1524/1524/1524 1521/1521/1521 1516/1516/1516
f 1525/1525/1525 1519/1519/1519 1521/1521/1521
f 1519/1519/1519 1525/1525/1525 1522/1522/1522
f 1523/1523/1523 1526/1526/1526 1518/1518/1518
f 1518/1518/1518 1526/1526/1526 1524/1524/1524
f 1527/1527/1527 1521/1521/1521 1524/1524/1524
f 1527/1527/1527 1525/1525/1525 1521/1521/1521
f 1528/1528/1528 1523/1523/1523 1522/1522/1522
f 1525/1525/1525 1528/1528/1528 1522/1522/1522
f 1528/1528/1528 1529/1529/1529 1523/1523/1523
f 1529/1529/1529 1528/1528/1528 1525/1525/1525
f 1526/1526/1526 1530/1530/1530 1524/1524/1524
f 1530/1530/1530 1527/1527/1527 1524/1524/1524
f 1523/1523/1523 1531/1531/1531 1526/1526/1526
f 1529/1529/1529 1531/1531/1531 1523/1523/1523
f 1532/1532/1532 1525/1525/1525 1527/1527/1527
f 1532/1532/1532 1529/1529/1529 1525/1525/1525
f 1531/1531/1531 1533/1533/1533 1526/1526/1526
f 1530/1530/1530 1526/1526/1526 1533/1533/1533
f 1529/1529/1529 1534/1534/1534 1531/1531/1531
f 1534/1534/1534 1533/1533/1533 1531/1531/1531
f 1529/1529/1529 1532/1532/1532 1534/1534/1534
f 1534/1534/1534 1530/1530/1530 1533/1533/1533
f 1535/1535/1535 1532/1532/1532 1527/1527/1527
f 1527/1527/1527 1530/1530/1530 1535/1535/1535
f 1530/1530/1530 1534/1534/1534 1535/1535/1535
f 1532/1532/1532 1535/1535/1535 1534/1534/1534
f 1538/1538/1538 1537/1537/1537 1536/1536/1536
f 1539/1539/1539 1537/1537/1537 1538/1538/1538
f 1540/1540/1540 1538/1538/1538 1536/1536/1536
f 1541/1541/1541 1538/1538/1538 1540/1540/1540
f 1536/1536/1536 1542/1542/1542 1540/1540/1540
f 1543/1543/1543 1539/1539/1539 1538/1538/1538
f 1543/1543/1543 1538/1538/1538 1541/1541/1541
f 1539/1539/1539 1543/1543/1543 1544/1544/1544
f 1543/1543/1543 1545/1545/1545 1544/1544/1544
f 1546/1546/1546 1544/1544/1544 1545/1545/1545
f 1542/1542/1542 1546/1546/1546 1547/1547/1547
f 1547/1547/1547 1546/1546/1546 1545/1545/1545
f 1542/1542/1542 1548/1548/1548 1540/1540/1540
f 1548/1548/1548 1542/1542/1542 1547/1547/1547
f 1543/1543/1543 1549/1549/1549 1545/1545/1545
f 1549/1549/1549 1543/1543/1543 1541/1541/1541
f 1540/1540/1540 1548/1548/1548 1550/1550/1550
f 1550/1550/1550 1541/1541/1541 1540/1540/1540
f 1551/1551/1551 1548/1548/1548 1547/1547/1547
f 1548/1548/1548 1551/1551/1551 1550/1550/1550
f 1545/1545/1545 1552/1552/1552 1547/1547/1547
f 1549/1549/1549 1552/1552/1552 1545/1545/1545
f 1553/1553/1553 1551/1551/1551 1547/1547/1547
f 1552/1552/1552 1553/1553/1553 1547/1547/1547
f 1550/1550/1550 1551/1551/1551 1554/1554/1554
f 1554/1554/1554 1551/1551/1551 1553/1553/1553
f 1555/1555/1555 1552/1552/1552 1549/1549/1549
f 1552/1552/1552 1555/1555/1555 1553/1553/1553
f 1549/1549/1549 1541/1541/1541 1556/1556/1556
f 1556/1556/1556 1555/1555/1555 1549/1549/1549
f 1550/1550/1550 1557/1557/1557 1541/1541/1541
f 1557/1557/1557 1550/1550/1550 1554/1554/1554
f 1558/1558/1558 1554/1554/1554 1553/1553/1553
f 1555/1555/1555 1558/1558/1558 1553/1553/1553
f 1541/1541/1541 1559/1559/1559 1556/1556/1556
f 1557/1557/1557 1559/1559/1559 1541/1541/1541
f 1554/1554/1554 1560/1560/1560 1557/1557/1557
f 1560/1560/1560 1554/1554/1554 1558/1558/1558
f 1556/1556/1556 1561/1561/1561 1555/1555/1555
f 1556/1556/1556 1559/1559/1559 1561/1561/1561
f 1557/1557/1557 1562/1562/1562 1559/1559/1559
f 1560/1560/1560 1562/1562/1562 1557/1557/1557
f 1555/1555/1555 1563/1563/1563 1558/1558/1558
f 1561/1561/1561 1563/1563/1563 1555/1555/1555
f 1559/1559/1559 1564/1564/1564 1561/1561/1561
f 1562/1562/1562 1564/1564/1564 1559/1559/1559
f 1565/1565/1565 1562/1562/1562 1560/1560/1560
f 1564/1564/1564 1562/1562/1562 1565/1565/1565
f 1566/1566/1566 1560/1560/1560 1558/1558/1558
f 1563/1563/1563 1566/1566/1566 1558/1558/1558
f 1563/1563/1563 1561/1561/1561 1567/1567/1567
f 1567/1567/1567 1561/1561/1561 1564/1564/1564
f 1568/1568/1568 1565/1565/1565 1560/1560/1560
f 1568/1568/1568 1560/1560/1560 1566/1566/1566
f 1563/1563/1563 1569/1569/1569 1566/1566/1566
f 1569/1569/1569 1563/1563/1563 1567/1567/1567
f 1570/1570/1570 1564/1564/1564 1565/1565/1565
f 1570/1570/1570 1567/1567/1567 1564/1564/1564
f 1570/1570/1570 1565/1565/1565 1571/1571/1571
f 1567/1567/1567 1570/1570/1570 1571/1571/1571
f 1572/1572/1572 1568/1568/1568 1566/1566/1566
f 1569/1569/1569 1572/1572/1572 1566/1566/1566
f 1565/1565/1565 1568/1568/1568 1573/1573/1573
f 1565/1565/1565 1573/1573/1573 1571/1571/1571
f 1569/1569/1569 1567/1567/1567 1574/1574/1574
f 1574/1574/1574 1567/1567/1567 1571/1571/1571
f 1568/1568/1568 1575/1575/1575 1573/1573/1573
f 1568/1568/1568 1572/1572/1572 1575/1575/1575
f 1571/1571/1571 1573/1573/1573 1576/1576/1576
f 1573/1573/1573 1575/1575/1575 1576/1576/1576
f 1571/1571/1571 1576/1576/1576 1574/1574/1574
f 1572/1572/1572 1576/1576/1576 1575/1575/1575
f 1577/1577/1577 1569/1569/1569 1574/1574/1574
f 1576/1576/1576 1577/1577/1577 1574/1574/1574
f 1577/1577/1577 1576/1576/1576 1572/1572/1572
f 1569/1569/1569 1577/1577/1577 1572/1572/1572
f 1580/1580/1580 1579/1579/1579 1578/1578/1578
f 1578/1578/1578 1579/1579/1579 1581/1581/1581
f 1579/1579/1579 1580/1580/1580 1582/1582/1582
f 1581/1581/1581 1579/1579/1579 1583/1583/1583
f 1584/1584/1584 1579/1579/1579 1582/1582/1582
f 1583/1583/1583 1579/1579/1579 1585/1585/1585
f 1585/1585/1585 1579/1579/1579 1584/1584/1584
f 1588/1588/1588 1587/1587/1587 1586/1586/1586
f 1586/1586/1586 1587/1587/1587 1589/1589/1589
f 1590/1590/1590 1587/1587/1587 1588/1588/1588
f 1589/1589/1589 1587/1587/1587 1591/1591/1591
f 1592/1592/1592 1587/1587/1587 1590/1590/1590
f 1591/1591/1591 1587/1587/1587 1593/1593/1593
f 1593/1593/1593 1587/1587/1587 1592/1592/1592
f 1594/1594/1594 1098/1098/1098 1096/1096/1096
f 1595/1595/1595 1594/1594/1594 1096/1096/1096
f 1595/1595/1595 1596/1596/1596 1594/1594/1594
f 1162/1162/1162 1595/1595/1595 1096/1096/1096
f 1594/1594/1594 1597/1597/1597 1098/1098/1098
f 1596/1596/1596 1597/1597/1597 1594/1594/1594
f 1595/1595/1595 1162/1162/1162 1108/1108/1108
f 1108/1108/1108 1162/1162/1162 1181/1181/1181
f 1598/1598/1598 1595/1595/1595 1108/1108/1108
f 1596/1596/1596 1595/1595/1595 1598/1598/1598
f 1108/1108/1108 1181/1181/1181 1124/1124/1124
f 1598/1598/1598 1108/1108/1108 1106/1106/1106
f 1599/1599/1599 1124/1124/1124 1181/1181/1181
f 1177/1177/1177 1599/1599/1599 1181/1181/1181
f 1121/1121/1121 1124/1124/1124 1599/1599/1599
f 1600/1600/1600 1598/1598/1598 1106/1106/1106
f 1600/1600/1600 1596/1596/1596 1598/1598/1598
f 1597/1597/1597 1601/1601/1601 1098/1098/1098
f 1601/1601/1601 1110/1110/1110 1098/1098/1098
f 1602/1602/1602 1110/1110/1110 1601/1601/1601
f 1603/1603/1603 1106/1106/1106 1110/1110/1110
f 1603/1603/1603 1600/1600/1600 1106/1106/1106
f 1110/1110/1110 1602/1602/1602 1603/1603/1603
f 1604/1604/1604 1601/1601/1601 1597/1597/1597
f 1604/1604/1604 1602/1602/1602 1601/1601/1601
f 1603/1603/1603 1605/1605/1605 1600/1600/1600
f 1602/1602/1602 1605/1605/1605 1603/1603/1603
f 1177/1177/1177 1606/1606/1606 1599/1599/1599
f 1606/1606/1606 1177/1177/1177 1178/1178/1178
f 1607/1607/1607 1597/1597/1597 1596/1596/1596
f 1607/1607/1607 1604/1604/1604 1597/1597/1597
f 1600/1600/1600 1608/1608/1608 1596/1596/1596
f 1605/1605/1605 1608/1608/1608 1600/1600/1600
f 1178/1178/1178 1609/1609/1609 1606/1606/1606
f 1178/1178/1178 1141/1141/1141 1609/1609/1609
f 1610/1610/1610 1607/1607/1607 1596/1596/1596
f 1608/1608/1608 1610/1610/1610 1596/1596/1596
f 1610/1610/1610 1611/1611/1611 1607/1607/1607
f 1611/1611/1611 1610/1610/1610 1608/1608/1608
f 1607/1607/1607 1612/1612/1612 1604/1604/1604
f 1611/1611/1611 1612/1612/1612 1607/1607/1607
f 1613/1613/1613 1608/1608/1608 1605/1605/1605
f 1613/1613/1613 1611/1611/1611 1608/1608/1608
f 1141/1141/1141 1614/1614/1614 1609/1609/1609
f 1609/1609/1609 1614/1614/1614 1615/1615/1615
f 1141/1141/1141 1135/1135/1135 1614/1614/1614
f 1609/1609/1609 1616/1616/1616 1606/1606/1606
f 1609/1609/1609 1615/1615/1615 1616/1616/1616
f 1612/1612/1612 1617/1617/1617 1604/1604/1604
f 1604/1604/1604 1617/1617/1617 1602/1602/1602
f 1618/1618/1618 1605/1605/1605 1602/1602/1602
f 1618/1618/1618 1613/1613/1613 1605/1605/1605
f 1611/1611/1611 1619/1619/1619 1612/1612/1612
f 1619/1619/1619 1611/1611/1611 1613/1613/1613
f 1606/1606/1606 1616/1616/1616 1620/1620/1620
f 1606/1606/1606 1620/1620/1620 1599/1599/1599
f 1617/1617/1617 1621/1621/1621 1602/1602/1602
f 1621/1621/1621 1618/1618/1618 1602/1602/1602
f 1612/1612/1612 1622/1622/1622 1617/1617/1617
f 1619/1619/1619 1622/1622/1622 1612/1612/1612
f 1623/1623/1623 1613/1613/1613 1618/1618/1618
f 1623/1623/1623 1619/1619/1619 1613/1613/1613
f 1599/1599/1599 1620/1620/1620 1624/1624/1624
f 1121/1121/1121 1599/1599/1599 1624/1624/1624
f 1624/1624/1624 1129/1129/1129 1121/1121/1121
f 1625/1625/1625 1129/1129/1129 1624/1624/1624
f 1128/1128/1128 1129/1129/1129 1625/1625/1625
f 1626/1626/1626 1624/1624/1624 1620/1620/1620
f 1626/1626/1626 1625/1625/1625 1624/1624/1624
f 1627/1627/1627 1625/1625/1625 1626/1626/1626
f 1628/1628/1628 1128/1128/1128 1625/1625/1625
f 1625/1625/1625 1627/1627/1627 1628/1628/1628
f 1135/1135/1135 1128/1128/1128 1628/1628/1628
f 1629/1629/1629 1626/1626/1626 1620/1620/1620
f 1616/1616/1616 1629/1629/1629 1620/1620/1620
f 1629/1629/1629 1630/1630/1630 1626/1626/1626
f 1630/1630/1630 1627/1627/1627 1626/1626/1626
f 1616/1616/1616 1631/1631/1631 1629/1629/1629
f 1631/1631/1631 1630/1630/1630 1629/1629/1629
f 1615/1615/1615 1631/1631/1631 1616/1616/1616
f 1630/1630/1630 1631/1631/1631 1632/1632/1632
f 1632/1632/1632 1631/1631/1631 1615/1615/1615
f 1633/1633/1633 1135/1135/1135 1628/1628/1628
f 1633/1633/1633 1628/1628/1628 1634/1634/1634
f 1135/1135/1135 1633/1633/1633 1614/1614/1614
f 1614/1614/1614 1633/1633/1633 1634/1634/1634
f 1627/1627/1627 1630/1630/1630 1635/1635/1635
f 1635/1635/1635 1630/1630/1630 1632/1632/1632
f 1614/1614/1614 1636/1636/1636 1615/1615/1615
f 1636/1636/1636 1614/1614/1614 1634/1634/1634
f 1615/1615/1615 1636/1636/1636 1637/1637/1637
f 1636/1636/1636 1634/1634/1634 1637/1637/1637
f 1628/1628/1628 1638/1638/1638 1634/1634/1634
f 1627/1627/1627 1638/1638/1638 1628/1628/1628
f 1634/1634/1634 1638/1638/1638 1639/1639/1639
f 1639/1639/1639 1638/1638/1638 1627/1627/1627
f 1632/1632/1632 1615/1615/1615 1640/1640/1640
f 1640/1640/1640 1615/1615/1615 1637/1637/1637
f 1635/1635/1635 1641/1641/1641 1627/1627/1627
f 1639/1639/1639 1627/1627/1627 1641/1641/1641
f 1642/1642/1642 1634/1634/1634 1639/1639/1639
f 1634/1634/1634 1642/1642/1642 1637/1637/1637
f 1642/1642/1642 1639/1639/1639 1643/1643/1643
f 1637/1637/1637 1642/1642/1642 1643/1643/1643
f 1640/1640/1640 1637/1637/1637 1644/1644/1644
f 1644/1644/1644 1637/1637/1637 1643/1643/1643
f 1643/1643/1643 1645/1645/1645 1644/1644/1644
f 1639/1639/1639 1646/1646/1646 1643/1643/1643
f 1646/1646/1646 1639/1639/1639 1641/1641/1641
f 1643/1643/1643 1646/1646/1646 1645/1645/1645
f 1640/1640/1640 1647/1647/1647 1632/1632/1632
f 1647/1647/1647 1640/1640/1640 1644/1644/1644
f 1648/1648/1648 1646/1646/1646 1641/1641/1641
f 1648/1648/1648 1641/1641/1641 1635/1635/1635
f 1632/1632/1632 1649/1649/1649 1635/1635/1635
f 1647/1647/1647 1649/1649/1649 1632/1632/1632
f 1644/1644/1644 1650/1650/1650 1647/1647/1647
f 1645/1645/1645 1650/1650/1650 1644/1644/1644
f 1650/1650/1650 1651/1651/1651 1647/1647/1647
f 1647/1647/1647 1651/1651/1651 1649/1649/1649
f 1649/1649/1649 1652/1652/1652 1635/1635/1635
f 1652/1652/1652 1648/1648/1648 1635/1635/1635
f 1653/1653/1653 1646/1646/1646 1648/1648/1648
f 1646/1646/1646 1653/1653/1653 1645/1645/1645
f 1654/1654/1654 1653/1653/1653 1648/1648/1648
f 1654/1654/1654 1648/1648/1648 1652/1652/1652
f 1649/1649/1649 1655/1655/1655 1652/1652/1652
f 1651/1651/1651 1655/1655/1655 1649/1649/1649
f 1651/1651/1651 1650/1650/1650 1656/1656/1656
f 1656/1656/1656 1650/1650/1650 1645/1645/1645
f 1645/1645/1645 1653/1653/1653 1657/1657/1657
f 1657/1657/1657 1653/1653/1653 1654/1654/1654
f 1658/1658/1658 1654/1654/1654 1652/1652/1652
f 1655/1655/1655 1658/1658/1658 1652/1652/1652
f 1651/1651/1651 1659/1659/1659 1655/1655/1655
f 1659/1659/1659 1651/1651/1651 1656/1656/1656
f 1660/1660/1660 1656/1656/1656 1645/1645/1645
f 1660/1660/1660 1645/1645/1645 1657/1657/1657
f 1661/1661/1661 1657/1657/1657 1654/1654/1654
f 1654/1654/1654 1658/1658/1658 1661/1661/1661
f 1658/1658/1658 1655/1655/1655 1662/1662/1662
f 1659/1659/1659 1662/1662/1662 1655/1655/1655
f 1663/1663/1663 1658/1658/1658 1662/1662/1662
f 1658/1658/1658 1663/1663/1663 1661/1661/1661
f 1663/1663/1663 1662/1662/1662 1664/1664/1664
f 1664/1664/1664 1662/1662/1662 1659/1659/1659
f 1656/1656/1656 1665/1665/1665 1659/1659/1659
f 1665/1665/1665 1656/1656/1656 1660/1660/1660
f 1657/1657/1657 1666/1666/1666 1660/1660/1660
f 1666/1666/1666 1657/1657/1657 1661/1661/1661
f 1663/1663/1663 1667/1667/1667 1661/1661/1661
f 1667/1667/1667 1663/1663/1663 1664/1664/1664
f 1667/1667/1667 1668/1668/1668 1661/1661/1661
f 1667/1667/1667 1664/1664/1664 1668/1668/1668
f 1668/1668/1668 1666/1666/1666 1661/1661/1661
f 1665/1665/1665 1666/1666/1666 1668/1668/1668
f 1666/1666/1666 1669/1669/1669 1660/1660/1660
f 1665/1665/1665 1669/1669/1669 1666/1666/1666
f 1669/1669/1669 1665/1665/1665 1660/1660/1660
f 1665/1665/1665 1670/1670/1670 1659/1659/1659
f 1670/1670/1670 1664/1664/1664 1659/1659/1659
f 1670/1670/1670 1665/1665/1665 1668/1668/1668
f 1664/1664/1664 1670/1670/1670 1668/1668/1668
f 1617/1617/1617 1671/1671/1671 1621/1621/1621
f 1622/1622/1622 1671/1671/1671 1617/1617/1617
f 1671/1671/1671 1672/1672/1672 1621/1621/1621
f 1672/1672/1672 1673/1673/1673 1621/1621/1621
f 1673/1673/1673 1618/1618/1618 1621/1621/1621
f 1673/1673/1673 1623/1623/1623 1618/1618/1618
f 1622/1622/1622 1674/1674/1674 1671/1671/1671
f 1671/1671/1671 1675/1675/1675 1672/1672/1672
f 1674/1674/1674 1675/1675/1675 1671/1671/1671
f 1676/1676/1676 1674/1674/1674 1622/1622/1622
f 1619/1619/1619 1676/1676/1676 1622/1622/1622
f 1676/1676/1676 1619/1619/1619 1623/1623/1623
f 1677/1677/1677 1623/1623/1623 1673/1673/1673
f 1677/1677/1677 1676/1676/1676 1623/1623/1623
f 1678/1678/1678 1673/1673/1673 1672/1672/1672
f 1678/1678/1678 1677/1677/1677 1673/1673/1673
f 1676/1676/1676 1679/1679/1679 1674/1674/1674
f 1679/1679/1679 1676/1676/1676 1677/1677/1677
f 1675/1675/1675 1680/1680/1680 1672/1672/1672
f 1680/1680/1680 1678/1678/1678 1672/1672/1672
f 1674/1674/1674 1681/1681/1681 1675/1675/1675
f 1679/1679/1679 1681/1681/1681 1674/1674/1674
f 1682/1682/1682 1677/1677/1677 1678/1678/1678
f 1682/1682/1682 1679/1679/1679 1677/1677/1677
f 1681/1681/1681 1683/1683/1683 1675/1675/1675
f 1675/1675/1675 1683/1683/1683 1680/1680/1680
f 1681/1681/1681 1679/1679/1679 1684/1684/1684
f 1679/1679/1679 1682/1682/1682 1684/1684/1684
f 1683/1683/1683 1681/1681/1681 1684/1684/1684
f 1685/1685/1685 1682/1682/1682 1678/1678/1678
f 1685/1685/1685 1678/1678/1678 1680/1680/1680
f 1682/1682/1682 1685/1685/1685 1684/1684/1684
f 1683/1683/1683 1686/1686/1686 1680/1680/1680
f 1686/1686/1686 1683/1683/1683 1684/1684/1684
f 1686/1686/1686 1685/1685/1685 1680/1680/1680
f 1685/1685/1685 1686/1686/1686 1684/1684/1684
f 1689/1689/1689 1688/1688/1688 1687/1687/1687
f 1690/1690/1690 1689/1689/1689 1687/1687/1687
f 1691/1691/1691 1689/1689/1689 1690/1690/1690
f 1687/1687/1687 1688/1688/1688 1692/1692/1692
f 1688/1688/1688 1693/1693/1693 1692/1692/1692
f 1694/1694/1694 1687/1687/1687 1692/1692/1692
f 1687/1687/1687 1694/1694/1694 1690/1690/1690
f 1692/1692/1692 1693/1693/1693 1695/1695/1695
f 1695/1695/1695 1694/1694/1694 1692/1692/1692
f 1693/1693/1693 1696/1696/1696 1695/1695/1695
f 1695/1695/1695 1696/1696/1696 1694/1694/1694
f 1696/1696/1696 1697/1697/1697 1694/1694/1694
f 1694/1694/1694 1697/1697/1697 1698/1698/1698
f 1694/1694/1694 1698/1698/1698 1690/1690/1690
f 1697/1697/1697 1699/1699/1699 1698/1698/1698
f 1699/1699/1699 1691/1691/1691 1700/1700/1700
f 1700/1700/1700 1691/1691/1691 1690/1690/1690
f 1700/1700/1700 1690/1690/1690 1698/1698/1698
f 1698/1698/1698 1699/1699/1699 1700/1700/1700
f 1703/1703/1703 1702/1702/1702 1701/1701/1701
f 1704/1704/1704 1703/1703/1703 1701/1701/1701
f 1705/1705/1705 1703/1703/1703 1704/1704/1704
f 1701/1701/1701 1702/1702/1702 1706/1706/1706
f 1702/1702/1702 1707/1707/1707 1706/1706/1706
f 1708/1708/1708 1701/1701/1701 1706/1706/1706
f 1701/1701/1701 1708/1708/1708 1704/1704/1704
f 1706/1706/1706 1707/1707/1707 1709/1709/1709
f 1709/1709/1709 1708/1708/1708 1706/1706/1706
f 1707/1707/1707 1710/1710/1710 1709/1709/1709
f 1709/1709/1709 1710/1710/1710 1708/1708/1708
f 1710/1710/1710 1711/1711/1711 1708/1708/1708
f 1708/1708/1708 1711/1711/1711 1712/1712/1712
f 1708/1708/1708 1712/1712/1712 1704/1704/1704
f 1711/1711/1711 1713/1713/1713 1712/1712/1712
f 1713/1713/1713 1705/1705/1705 1714/1714/1714
f 1714/1714/1714 1705/1705/1705 1704/1704/1704
f 1714/1714/1714 1704/1704/1704 1712/1712/1712
f 1712/1712/1712 1713/1713/1713 1714/1714/1714
f 1717/1717/1717 1716/1716/1716 1715/1715/1715
f 1718/1718/1718 1717/1717/1717 1715/1715/1715
f 1719/1719/1719 1717/1717/1717 1718/1718/1718
f 1715/1715/1715 1716/1716/1716 1720/1720/1720
f 1716/1716/1716 1721/1721/1721 1720/1720/1720
f 1722/1722/1722 1715/1715/1715 1720/1720/1720
f 1715/1715/1715 1722/1722/1722 1718/1718/1718
f 1720/1720/1720 1721/1721/1721 1723/1723/1723
f 1723/1723/1723 1722/1722/1722 1720/1720/1720
f 1721/1721/1721 1724/1724/1724 1723/1723/1723
f 1723/1723/1723 1724/1724/1724 1722/1722/1722
f 1724/1724/1724 1725/1725/1725 1722/1722/1722
f 1722/1722/1722 1725/1725/1725 1726/1726/1726
f 1722/1722/1722 1726/1726/1726 1718/1718/1718
f 1725/1725/1725 1727/1727/1727 1726/1726/1726
f 1727/1727/1727 1719/1719/1719 1728/1728/1728
f 1728/1728/1728 1719/1719/1719 1718/1718/1718
f 1728/1728/1728 1718/1718/1718 1726/1726/1726
f 1726/1726/1726 1727/1727/1727 1728/1728/1728
f 1731/1731/1731 1730/1730/1730 1729/1729/1729
f 1732/1732/1732 1731/1731/1731 1729/1729/1729
f 1733/1733/1733 1731/1731/1731 1732/1732/1732
f 1729/1729/1729 1730/1730/1730 1734/1734/1734
f 1730/1730/1730 1735/1735/1735 1734/1734/1734
f 1736/1736/1736 1729/1729/1729 1734/1734/1734
f 1729/1729/1729 1736/1736/1736 1732/1732/1732
f 1734/1734/1734 1735/1735/1735 1737/1737/1737
f 1737/1737/1737 1736/1736/1736 1734/1734/1734
f 1735/1735/1735 1738/1738/1738 1737/1737/1737
f 1737/1737/1737 1738/1738/1738 1736/1736/1736
f 1738/1738/1738 1739/1739/1739 1736/1736/1736
f 1736/1736/1736 1739/1739/1739 1740/1740/1740
f 1736/1736/1736 1740/1740/1740 1732/1732/1732
f 1739/1739/1739 1741/1741/1741 1740/1740/1740
f 1741/1741/1741 1733/1733/1733 1742/1742/1742
f 1742/1742/1742 1733/1733/1733 1732/1732/1732
f 1742/1742/1742 1732/1732/1732 1740/1740/1740
f 1740/1740/1740 1741/1741/1741 1742/1742/1742
f 1745/1745/1745 1744/1744/1744 1743/1743/1743
f 1746/1746/1746 1745/1745/1745 1743/1743/1743
f 1745/1745/1745 1747/1747/1747 1744/1744/1744
f 1746/1746/1746 1743/1743/1743 1748/1748/1748
f 1749/1749/1749 1746/1746/1746 1748/1748/1748
f 1748/1748/1748 1743/1743/1743 1750/1750/1750
f 1743/1743/1743 1744/1744/1744 1750/1750/1750
f 1749/1749/1749 1748/1748/1748 1751/1751/1751
f 1751/1751/1751 1748/1748/1748 1750/1750/1750
f 1752/1752/1752 1749/1749/1749 1751/1751/1751
f 1752/1752/1752 1751/1751/1751 1750/1750/1750
f 1753/1753/1753 1752/1752/1752 1750/1750/1750
f 1753/1753/1753 1750/1750/1750 1754/1754/1754
f 1744/1744/1744 1754/1754/1754 1750/1750/1750
f 1755/1755/1755 1753/1753/1753 1754/1754/1754
f 1747/1747/1747 1755/1755/1755 1756/1756/1756
f 1747/1747/1747 1756/1756/1756 1744/1744/1744
f 1744/1744/1744 1756/1756/1756 1754/1754/1754
f 1755/1755/1755 1754/1754/1754 1756/1756/1756
f 1759/1759/1759 1758/1758/1758 1757/1757/1757
f 1760/1760/1760 1759/1759/1759 1757/1757/1757
f 1759/1759/1759 1761/1761/1761 1758/1758/1758
f 1760/1760/1760 1757/1757/1757 1762/1762/1762
f 1763/1763/1763 1760/1760/1760 1762/1762/1762
f 1762/1762/1762 1757/1757/1757 1764/1764/1764
f 1757/1757/1757 1758/1758/1758 1764/1764/1764
f 1763/1763/1763 1762/1762/1762 1765/1765/1765
f 1765/1765/1765 1762/1762/1762 1764/1764/1764
f 1766/1766/1766 1763/1763/1763 1765/1765/1765
f 1766/1766/1766 1765/1765/1765 1764/1764/1764
f 1767/1767/1767 1766/1766/1766 1764/1764/1764
f 1767/1767/1767 1764/1764/1764 1768/1768/1768
f 1758/1758/1758 1768/1768/1768 1764/1764/1764
f 1769/1769/1769 1767/1767/1767 1768/1768/1768
f 1761/1761/1761 1769/1769/1769 1770/1770/1770
f 1761/1761/1761 1770/1770/1770 1758/1758/1758
f 1758/1758/1758 1770/1770/1770 1768/1768/1768
f 1769/1769/1769 1768/1768/1768 1770/1770/1770
f 1773/1773/1773 1772/1772/1772 1771/1771/1771
f 1774/1774/1774 1773/1773/1773 1771/1771/1771
f 1773/1773/1773 1775/1775/1775 1772/1772/1772
f 1774/1774/1774 1771/1771/1771 1776/1776/1776
f 1777/1777/1777 1774/1774/1774 1776/1776/1776
f 1776/1776/1776 1771/1771/1771 1778/1778/1778
f 1771/1771/1771 1772/1772/1772 1778/1778/1778
f 1777/1777/1777 1776/1776/1776 1779/1779/1779
f 1779/1779/1779 1776/1776/1776 1778/1778/1778
f 1780/1780/1780 1777/1777/1777 1779/1779/1779
f 1780/1780/1780 1779/1779/1779 1778/1778/1778
f 1781/1781/1781 1780/1780/1780 1778/1778/1778
f 1781/1781/1781 1778/1778/1778 1782/1782/1782
f 1772/1772/1772 1782/1782/1782 1778/1778/1778
f 1783/1783/1783 1781/1781/1781 1782/1782/1782
f 1775/1775/1775 1783/1783/1783 1784/1784/1784
f 1775/1775/1775 1784/1784/1784 1772/1772/1772
f 1772/1772/1772 1784/1784/1784 1782/1782/1782
f 1783/1783/1783 1782/1782/1782 1784/1784/1784
f 1787/1787/1787 1786/1786/1786 1785/1785/1785
f 1788/1788/1788 1787/1787/1787 1785/1785/1785
f 1787/1787/1787 1789/1789/1789 1786/1786/1786
f 1788/1788/1788 1785/1785/1785 1790/1790/1790
f 1791/1791/1791 1788/1788/1788 1790/1790/1790
f 1790/1790/1790 1785/1785/1785 1792/1792/1792
f 1785/1785/1785 1786/1786/1786 1792/1792/1792
f 1791/1791/1791 1790/1790/1790 1793/1793/1793
f 1793/1793/1793 1790/1790/1790 1792/1792/1792
f 1794/1794/1794 1791/1791/1791 1793/1793/1793
f 1794/1794/1794 1793/1793/1793 1792/1792/1792
f 1795/1795/1795 1794/1794/1794 1792/1792/1792
f 1795/1795/1795 1792/1792/1792 1796/1796/1796
f 1786/1786/1786 1796/1796/1796 1792/1792/1792
f 1797/1797/1797 1795/1795/1795 1796/1796/1796
f 1789/1789/1789 1797/1797/1797 1798/1798/1798
f 1789/1789/1789 1798/1798/1798 1786/1786/1786
f 1786/1786/1786 1798/1798/1798 1796/1796/1796
f 1797/1797/1797 1796/1796/1796 1798/1798/1798
